loan_id,farm_id,state,crop_type,loan_amount,interest_rate,loan_to_value
1,5e5849ea-60ac-4eca-ae09-ff7019a4736d,OK,wheat,774937.25,0.0454,0.64
2,adcc410d-0540-45fe-a5f5-330cd56e1124,IA,wheat,1846860.26,0.057,0.43
3,c3e60e55-0dde-416e-9e5b-5f26bdece009,NE,wheat,1854992.01,0.0993,0.65
4,40587d45-6648-45f4-96b3-a7eaac8852d1,KS,corn,174659.68,0.0957,0.83
5,b73c8896-9fed-4630-9787-d31f7cd71d8d,OK,cotton,664614.63,0.0326,0.86
6,0613e0cc-a64d-45fb-b346-3c6f70813925,OK,corn,188774.54,0.0864,0.41
7,9c958bcd-baf0-437d-a437-9a154cc27dcb,IA,cotton,1841609.64,0.0348,0.47
8,62ff33f1-d950-43e9-aad1-0c175cb4f180,TX,cotton,337826.36,0.0387,0.82
9,8608a457-f70c-43bc-8932-30220226457d,KS,corn,738893.42,0.0913,0.64
10,30c36734-a81a-47f2-aa3f-182788b27432,TX,cotton,1191532.6,0.0696,0.79
11,8934813b-58ce-45dd-bd24-4f4de8bff818,NE,corn,935206.29,0.0833,0.57
12,c2d6ddff-5e8f-44e6-b759-dabb2fb1ffc8,NE,corn,1837419.72,0.0488,0.7
13,e26b7427-778a-4967-bbb3-233bc35f5c28,KS,cotton,1635385.22,0.0336,0.77
14,6fde65f7-7dcf-4613-971d-29ff7626f259,NE,cotton,969761.25,0.0901,0.9
15,a7dda5be-bd4b-4da5-94ba-b84571060924,KS,corn,1632650.89,0.068,0.73
16,a8d43e67-bee0-499a-8bda-a27255475fb0,KS,corn,1836726.56,0.0657,0.5
17,2aa6eacf-17c9-431f-a019-7b342a3bd91b,IA,corn,1993062.01,0.0568,0.74
18,b94d68e2-bcd2-4c6b-9601-5240de16cc09,OK,cotton,1829282.96,0.0444,0.5
19,e8741ae0-1f12-42e7-993c-280f0a7c2553,NE,wheat,1506093.27,0.089,0.61
20,aee79acb-32d3-4652-8591-f844719bb6df,TX,wheat,1056247.54,0.0538,0.82
21,066272e4-64ba-4903-b80f-01865dbae25a,IA,wheat,1938236.77,0.0317,0.61
22,1a44f03a-8a1a-4323-9db2-bc2107730264,NE,corn,1616314.17,0.0848,0.43
23,926f908c-e78b-4a0b-85a6-1e783eb4ed84,KS,corn,646178.6,0.0956,0.7
24,d41d53ad-9bda-4d9a-a4fd-4a1cb36d61aa,NE,corn,217014.48,0.0933,0.41
25,6f0ef4c9-47ec-42ab-974c-324dc8b0e780,NE,wheat,1194014.41,0.0857,0.43
26,89c4839a-e3ee-4092-b0ec-01910e8c5680,OK,corn,741764.79,0.0769,0.82
27,54c758e5-3618-4f51-a571-21ced457cf03,TX,cotton,411196.45,0.0633,0.47
28,d842bb67-db3c-43ee-88bb-2a39d83ddb80,IA,wheat,838360.53,0.0337,0.81
29,3dad9ba5-0bb2-4c5d-905f-6676884e3848,OK,wheat,1685493.89,0.0357,0.41
30,284acf13-e6b5-415d-bdbd-f8e311350f83,NE,corn,413121.59,0.0877,0.57
31,5b5224ec-40fb-40be-a52d-4f516c7ef1dc,KS,corn,1040523.78,0.0671,0.78
32,c78fa5ad-6325-4003-b464-446a30e0cbda,OK,cotton,175007.91,0.0572,0.71
33,c9e2b534-285d-4442-a02c-db49e572a771,NE,wheat,117432.63,0.0978,0.53
34,25c8bb06-9e5d-46d1-adbd-bf659220ddc0,OK,corn,583985.05,0.0803,0.89
35,031e5784-f50e-47df-bac1-74ccc1c51653,TX,wheat,997114.25,0.0855,0.64
36,c2a54c2c-1a86-412c-8a5b-17e66a9094ec,TX,cotton,1772523.39,0.0492,0.45
37,7f65c82e-bfb4-4265-8ea0-1978dad78e26,TX,wheat,1200833.02,0.0303,0.41
38,cad4c6f1-33e0-457d-83e4-7aaa70a4828d,TX,cotton,873239.68,0.0793,0.49
39,2bfb6149-9ce1-4acc-9010-24e2375fb413,IA,corn,1513000.53,0.0977,0.65
40,1f793ff3-c1e7-4680-aa0e-cfdaee0e3be2,TX,corn,289698.3,0.0975,0.52
41,2f04308a-535e-401a-acf0-bec8faee83e3,IA,cotton,1670812.61,0.0999,0.4
42,8b2394b7-cc35-45ab-b7ba-ce46e681c827,OK,cotton,299774.58,0.0952,0.41
43,db2d6ad7-aa9f-4a59-b1f4-f2c1eac9c53f,NE,cotton,787082.62,0.0734,0.4
44,e122f745-ab5e-48d8-92f2-5b66a2ffa2ed,NE,wheat,722587.92,0.0774,0.81
45,76c38057-5b0f-4357-8dce-c11cc2670b9c,TX,corn,936263.59,0.0386,0.41
46,5f2fc230-95be-4e53-b5ea-a307b84f1dc3,OK,wheat,891422.79,0.064,0.73
47,07cc963f-22ef-419e-8683-d351ea2beb3b,NE,wheat,1286077.77,0.0791,0.51
48,d1afd714-df96-4d2a-8201-7c8bb904cd1d,OK,wheat,271348.83,0.052,0.65
49,9d0fa74c-677e-4ccd-a44c-7072c0681495,TX,wheat,1247902.09,0.0429,0.46
50,047cefea-e725-4d31-ba98-572f3d4595d7,IA,cotton,1122313.22,0.0599,0.78
51,a679c977-4282-41ea-9493-b2c3084821bb,KS,corn,243680.44,0.0865,0.69
52,b07ace0e-ce4d-483b-878c-d09100728e71,IA,corn,1887431.4,0.0545,0.75
53,892a645d-952c-4014-bbf7-860e98ebd795,IA,corn,1513584.56,0.0915,0.49
54,122f3f99-f12f-4c39-a487-df03bf4d59e3,OK,corn,935303.74,0.0735,0.53
55,303d7941-6271-4c59-8ee7-381e935fd1fe,NE,cotton,712366.65,0.0495,0.42
56,eaf586b1-5e7b-46bf-890c-a8212115e1f5,IA,cotton,480492.94,0.0791,0.54
57,ddc9f68e-4609-4990-a85f-0e94b3729a51,KS,cotton,1392570.99,0.085,0.65
58,9e4c70a1-7501-4de6-8d6d-bddd5de75d6b,KS,corn,1453686.7,0.0454,0.68
59,44fb3996-0e0f-473e-8faf-5ed5a95958a2,NE,wheat,159012.89,0.0667,0.88
60,3bfed3e6-f6fa-494e-9f39-eac2f75ca05c,NE,corn,914022.68,0.0699,0.45
61,6beee97e-2f06-46b2-8f58-0a4781c436f9,KS,corn,1634201.61,0.0749,0.47
62,1efcea84-13f8-4db5-8be2-5267b35720ab,TX,wheat,1140070.25,0.0581,0.59
63,eed3d7f7-74a9-4d13-8ffa-a76e932ef7cc,KS,cotton,714774.55,0.0884,0.74
64,fe1a3ca0-ffa7-4174-880d-0ace09276fa4,TX,corn,723446.68,0.074,0.63
65,a73162c0-fffa-42ee-9292-72f6a831ee1b,TX,corn,1946806.21,0.0925,0.59
66,dee197af-91b8-4a2a-b95d-f34e99251752,KS,wheat,1176204.96,0.0594,0.89
67,85e24e12-c370-4cad-a8d4-4f0d9c29f613,OK,corn,170083.52,0.0727,0.48
68,b9439763-cb7d-4dc1-ac1a-10544e028d5c,NE,cotton,1772868.22,0.0544,0.62
69,c5fdcbf2-8886-4c98-8209-1c435d3878d0,TX,wheat,1015258.43,0.0343,0.52
70,6269426c-2585-4fca-887a-999a6a0d0097,NE,corn,328113.97,0.0496,0.54
71,e46f4272-c98f-4865-a26a-fe7e2c2771d3,KS,wheat,1045388.86,0.0497,0.51
72,48210c2e-aff5-41cd-979e-4f00c9cce298,TX,cotton,1963069.72,0.064,0.73
73,436d457d-7721-42e4-9bfe-1bc3beafe82b,TX,corn,1712947.56,0.0401,0.85
74,d8fb2e05-dd8d-44f8-a290-577a823ff94d,NE,corn,659472.93,0.0426,0.59
75,f0e5abd6-a378-4bba-a4d1-c22092824715,NE,corn,1622671.05,0.0427,0.5
76,c97b24ad-af4a-4a39-ac53-0fe6283bdccb,TX,cotton,1269816.06,0.059,0.65
77,b5aa3b89-2d7c-4fe0-8358-1f9d614fdf74,IA,wheat,533714.34,0.0354,0.67
78,de588865-bb17-411b-a048-2b1572b68308,NE,wheat,460855.2,0.0943,0.79
79,a2463058-769d-402c-ba13-529a35662d1c,TX,corn,618487.74,0.0911,0.65
80,f4e0d3a8-01eb-4a31-be0a-f3e760184a81,IA,cotton,1312755.39,0.0678,0.61
81,be78f41f-16d8-4a76-8b7f-afc054201287,TX,corn,780954.83,0.0727,0.67
82,b8ea17e5-2bd5-4ed6-9576-618bb15f6338,OK,wheat,1999321.93,0.0895,0.8
83,764831a5-08a8-46fc-80bd-c75df3938c07,KS,wheat,1762108.34,0.0948,0.64
84,76856ed5-34d3-4b19-8c8a-4ae410d25912,KS,corn,1685856.9,0.0912,0.47
85,dc3fb523-8444-4789-98a0-4fbaa4e83731,IA,cotton,1651367.25,0.068,0.67
86,1a464461-e600-4223-a56d-9d1f4e7c67cc,NE,wheat,192224.89,0.0704,0.47
87,fd4092c2-b383-4656-ac54-42c78d249a09,IA,wheat,788837.05,0.0669,0.87
88,cca905a9-034b-4e7f-a56f-1e660929a09d,OK,cotton,410403.01,0.0914,0.77
89,e67a2559-72dd-4fa5-9902-cf94e115132a,IA,corn,1785948.6,0.0869,0.85
90,1b7448c5-68ce-42b4-afcb-9fa381d062f7,NE,wheat,1173887.51,0.0722,0.57
91,0d12902d-7104-4ac4-a6ba-12fb3503466d,TX,cotton,408111.36,0.0622,0.88
92,e736a30a-e313-4a00-89f9-eb32d95a1e17,NE,cotton,1411495.4,0.0459,0.62
93,f4aabd30-15f0-4d6e-84a5-c2d27b53134a,TX,corn,1890401.75,0.037,0.48
94,c5c62099-c9ea-4146-98fd-81750a511b8e,NE,wheat,591624.29,0.0344,0.84
95,90081144-eaf8-4da1-be42-b970e4d61b16,KS,corn,559627.97,0.0885,0.84
96,23e16a46-0222-49ab-8193-8ed17a015fda,TX,corn,1214875.14,0.0992,0.74
97,73d23603-5e9d-4b07-992a-9d6417cc783b,OK,cotton,634003.56,0.089,0.51
98,a038684d-0836-4383-89df-185b259930e3,TX,wheat,1351371.47,0.0993,0.85
99,e75c64b8-161f-4b9d-8af8-98a0b5576c70,IA,corn,1689984.23,0.0679,0.86
100,5637b06e-1f31-4892-a69b-c4888cfe7743,IA,cotton,985235.6,0.0496,0.79
101,e2781c7c-6e4a-4705-8819-2bdcea69119f,NE,corn,382741.71,0.0359,0.89
102,ae470059-6461-47b1-98e0-1f168950ff89,OK,wheat,806418.93,0.049,0.87
103,b2e8a6d9-2199-4e52-9a95-a3951470606e,NE,wheat,369734.86,0.0916,0.6
104,8cb5bf1f-0c93-4f78-ab97-9941b65dbdff,OK,corn,85392.02,0.086,0.59
105,57f7d081-da35-49d6-a942-1ffdea624d65,IA,cotton,1003670.53,0.0919,0.49
106,f1ed5ee8-ed16-4852-8da4-cb5edb588096,TX,corn,1423827.15,0.0769,0.72
107,5eeaf97d-cc1f-4d01-815a-a0758c9e8a83,KS,cotton,1145729.98,0.0852,0.52
108,9c70654e-cada-4012-a755-a4a02825ec18,NE,wheat,882132.01,0.0314,0.78
109,378938f5-3a3b-488c-b772-c86e935e55d7,OK,cotton,920387.61,0.0737,0.84
110,416bd5eb-1aa8-4a99-ad5c-36b958d0c4e9,IA,corn,1691462.24,0.071,0.84
111,222513f7-805f-4a1d-aead-65b46353f0a6,KS,cotton,1329392.05,0.0639,0.6
112,b958be18-a6d0-4077-bc30-436f7e5e70ca,NE,wheat,654461.71,0.0956,0.7
113,b29bd108-b712-4dad-b2c4-dc5b64eab3c0,OK,wheat,1570865.31,0.031,0.64
114,246a05e1-c772-4e9f-aa2b-860a31a90963,IA,corn,957413.48,0.0687,0.75
115,b67ae573-30ca-4bb9-a903-6b65ae804635,KS,corn,440157.77,0.0815,0.54
116,1a0e2492-d128-42c8-9fae-9809056bc0f0,TX,wheat,502741.96,0.0571,0.85
117,dcb01fda-3fee-45eb-9821-c1a3b2de7d52,IA,cotton,412180.37,0.0472,0.9
118,6eae173d-c1ce-4a3d-9039-fb8bf3e14f93,IA,corn,416753.24,0.0389,0.74
119,f0318003-d6b2-449d-85b2-9e936459ebf8,NE,wheat,1877469.84,0.0767,0.85
120,93b9fb13-43e0-45a2-91d5-2dd35d866691,KS,corn,761639.23,0.0621,0.59
121,e187f95f-41b9-4898-94da-feab5a43ae08,TX,corn,1989764.27,0.0614,0.53
122,5bee5acf-4db9-4f2a-a482-fd4ab429b7c9,IA,cotton,992763.59,0.0534,0.69
123,89d80832-cf1f-4cb7-9472-e80ec220017e,IA,cotton,73997.72,0.0943,0.89
124,00986453-4209-4920-b080-db190be56423,NE,corn,1574307.6,0.0395,0.87
125,564efc78-f6e0-4be2-aaf0-c83833b43474,IA,cotton,419700.03,0.0711,0.52
126,4c4b4e38-0f16-4880-b582-faecb16388d1,IA,wheat,559910.33,0.0726,0.6
127,8c3b75a5-0832-4b24-a868-988e98b8c69d,KS,corn,908694.51,0.0406,0.55
128,9bf6b600-8c3f-4e5e-9c52-4390c66943f8,NE,corn,226031.59,0.0509,0.56
129,e962739f-1d37-464f-aa69-c55b6a33e548,IA,corn,1231157.28,0.0947,0.88
130,c46ceff0-4c4d-462c-a749-9ff1f66d5c66,NE,corn,126055.49,0.0556,0.77
131,bb535097-234b-4769-896d-507295195310,IA,corn,1460051.83,0.0446,0.64
132,fcc1c511-9699-4a15-9c4e-bd13f71e0093,NE,corn,189462.4,0.0789,0.45
133,78d38dd7-6f44-43ea-b750-bec95b510c54,KS,cotton,1790798.37,0.0784,0.52
134,2d18fc1e-c54a-4957-8136-e465927e28c8,KS,corn,479951.48,0.0524,0.53
135,82addf47-b2e4-4fa9-92a1-dcad89dd79cb,OK,wheat,1951081.41,0.0456,0.69
136,f536de1f-db43-49ee-a0a0-428177fa3cc0,OK,cotton,161629.24,0.0775,0.68
137,5dc89974-c8f9-4703-ae46-e65ba9f3744d,KS,wheat,1255872.7,0.0792,0.42
138,c34f0da3-7d72-4152-9b98-c9033254bd90,OK,corn,1296050.01,0.0771,0.46
139,452776c5-1cfc-482a-a122-d4d5d5f6d2d7,TX,wheat,1855808.34,0.087,0.41
140,3b72e207-a67c-4d7c-ab65-005ad73c6fde,TX,corn,1640596.88,0.0654,0.54
141,3ebabfa5-b5ec-4b14-9e71-6ac69c5fbbd0,IA,cotton,1112994.87,0.0529,0.6
142,4051f2a2-710a-48ce-9eff-09ee8dc8edd3,TX,cotton,690783.17,0.085,0.76
143,97f83a9e-8420-4639-a7bf-00ef140bfb99,IA,cotton,230436.85,0.0982,0.55
144,df1cbdc4-405e-44d8-aba5-7153ed0ac15c,IA,corn,1556980.08,0.0735,0.88
145,194fc255-e5d6-425a-92e8-1fdbbeb983d3,KS,wheat,1141019.92,0.0304,0.58
146,a3fc8f56-775a-46f4-8d2f-2df9e61e1f4d,IA,cotton,1765252.83,0.0482,0.81
147,ff488b83-d103-463f-8de8-a4be48fa9230,OK,corn,761383.12,0.0791,0.43
148,04e72be0-8fcd-4802-8c9d-eaec03597f9b,NE,corn,1316549.79,0.0492,0.63
149,2d4ba83e-2aec-4c1b-be8f-a43aeb9b3824,OK,wheat,1747820.51,0.0571,0.73
150,e010381b-ac65-4f26-a5c9-e80e690eb7ca,OK,cotton,1216634.0,0.083,0.8
151,1afc90d9-eaea-44ff-8528-672d5156b4fe,OK,wheat,554013.09,0.0955,0.52
152,720c0cf1-b5c1-4547-a3b9-6a6a42e53bfb,OK,wheat,1131785.28,0.0932,0.79
153,2ddd131e-f0aa-463b-b52d-6aafbdb2d62d,OK,corn,1125873.61,0.0555,0.63
154,41067c96-ed8a-4d56-8451-72c512da65bf,TX,corn,1469159.22,0.0434,0.82
155,7684232c-2f70-436e-bdea-1bdc90af38cc,KS,wheat,168516.39,0.0863,0.84
156,bb350133-89c6-46e6-bdc4-2b8823ac5c37,NE,corn,1291366.89,0.0547,0.68
157,5603117a-b104-4b9c-bc47-037f614ceecd,NE,cotton,1405477.57,0.078,0.49
158,3dd8e992-73c1-40ad-a1b3-d72c3a626373,OK,cotton,1438693.09,0.0647,0.61
159,99ddf675-3c98-47f1-ae2a-d06f5af47282,KS,corn,993840.19,0.0473,0.44
160,488a2f16-8915-4f06-83fe-5978f72d4058,KS,wheat,1367948.98,0.0538,0.82
161,44ac405d-0d88-4cf5-8982-b350dc06b713,IA,corn,422604.51,0.0507,0.72
162,e9c7a78c-2546-4c89-9219-bde93a140ef7,NE,cotton,699619.2,0.0405,0.61
163,acddf885-6cb5-47ca-8d74-a6eaf713687f,OK,corn,899080.68,0.051,0.47
164,fa045223-d856-4cf5-b905-029082c5c64a,OK,corn,367490.18,0.0855,0.56
165,06d25e3b-2771-4c24-aa13-b2df4805b7c3,IA,wheat,1086786.42,0.0409,0.78
166,c1f5fb32-027b-410b-9589-689a204281bf,IA,corn,1578338.14,0.0737,0.77
167,acba304e-a494-40af-9236-f0c92ad73659,TX,wheat,539015.71,0.0913,0.47
168,0c06c7e3-a2b4-45f6-ba1e-71269e28db63,KS,wheat,1013682.63,0.0763,0.57
169,fd77964f-9ad2-4de4-8d94-e1a4a4997327,IA,corn,1677285.16,0.0848,0.62
170,1a2ca539-4dee-41d5-a547-d588a6d3ae0b,NE,cotton,1764612.48,0.0953,0.51
171,1e99d703-9629-4a5c-bbb5-c05c4a8ca856,NE,wheat,1506646.91,0.0466,0.84
172,b6eb409a-c1cb-437f-9155-1506227f38f8,TX,corn,74622.66,0.0527,0.78
173,365e40b4-98a4-4d8b-ad52-a2a93ffe6504,KS,wheat,1683142.08,0.0335,0.68
174,54e604b4-e9b5-48ca-8a62-7ce7c796e8e7,NE,corn,692694.98,0.0592,0.63
175,7c8de198-202e-4cea-9008-29546c3a26e2,KS,corn,137100.15,0.0743,0.55
176,8fe66593-6a31-47f3-ac8f-1ba826d7df93,NE,corn,1375049.67,0.0493,0.67
177,78464b55-cd8a-4d68-988b-2767c5ee2b16,OK,corn,593806.79,0.0937,0.54
178,8bcc342d-4e6a-4478-be35-56e9b8b8d955,KS,corn,1494595.07,0.0449,0.62
179,4f0f2d84-4d2c-40b4-9bc4-a30124c78e93,IA,corn,1560688.89,0.0857,0.84
180,b0239c4d-d129-4092-b479-76d86b443e92,KS,cotton,1384918.88,0.074,0.57
181,b92d81ca-767a-4ba7-b45c-8c5419539f22,IA,cotton,1880343.64,0.0661,0.51
182,d7bf69ed-ce7b-4709-a23a-0fe94b636340,OK,cotton,526007.61,0.06,0.82
183,616a9aa7-6610-420d-9e4f-a07df4dba73a,KS,wheat,1906815.96,0.0511,0.76
184,e70fa705-e772-4145-bc2b-81bb0bea39a5,NE,corn,916625.48,0.0496,0.54
185,dfd23c57-63e6-46aa-a2d7-4bb533f5e909,OK,cotton,259108.05,0.0916,0.56
186,168001fc-dbef-4dfc-ba53-f7eee229a8c4,TX,corn,1145263.84,0.0525,0.66
187,732971ed-0cd6-4d8b-b0b0-4153c383094e,TX,cotton,96139.7,0.0534,0.86
188,ef83b5ab-d47d-40fb-8b8b-39bca786fef8,IA,corn,1035443.04,0.0825,0.84
189,5eecf4d6-df06-4a0f-aa37-1a1d39288d6b,KS,corn,1793851.27,0.0622,0.88
190,d74b775d-408d-42b3-adb4-273c83ee5163,OK,corn,424529.72,0.0387,0.86
191,0a20db59-2bc0-4380-ac5a-fb5dbc415306,TX,wheat,981229.41,0.087,0.62
192,525fed20-d753-4073-8b0e-23553397cf11,TX,wheat,739793.08,0.0983,0.54
193,85b2190f-cb46-42f1-b1a3-a5927ec64c70,IA,corn,1475699.34,0.0974,0.45
194,37f7c453-050c-412e-a01a-e8b9336d25b1,TX,cotton,1484216.83,0.0692,0.7
195,55fe1fec-694d-4f38-b89a-4e9b3f762c82,NE,wheat,1378614.65,0.0992,0.83
196,1ded57c6-aa17-4d16-8c3c-de6f541e023f,OK,cotton,1857410.33,0.0357,0.73
197,c14e1597-cba2-4356-a7f5-ab71b108393b,OK,wheat,481742.63,0.0922,0.71
198,40b7600a-8241-432d-b238-157bf0bb85e9,KS,corn,1416062.14,0.0712,0.79
199,5d923856-4047-4ce0-9817-aa3f8195b123,KS,corn,509479.18,0.0357,0.57
200,8835f198-57ca-4c54-9d6e-18ada8b79d09,IA,corn,707856.14,0.097,0.65
201,052a40df-8db6-4e5d-a0db-a67a07ab3aa7,KS,corn,1056669.59,0.0472,0.82
202,f79fbfb5-9a0c-44b8-ae01-4d78ac35af5b,IA,corn,1326817.3,0.0808,0.78
203,a24d8c33-480b-4f4d-b411-cebd40fadbb4,NE,cotton,677109.54,0.0534,0.83
204,d6938c27-1bed-4b9c-91b4-67fc70aa2d2b,IA,cotton,1719615.19,0.0427,0.5
205,8df51835-b20e-42d4-a331-907de426497b,KS,cotton,1196349.3,0.0913,0.46
206,ba9d0ff3-7d62-460e-abcd-c766b1661e0d,NE,cotton,1803139.95,0.072,0.43
207,354306c4-9cab-4a48-b2fc-40a53d41441f,OK,corn,162780.33,0.0803,0.79
208,8bd66de9-34ea-4b1d-8c51-cdcc7b9a6cb8,OK,corn,780674.39,0.0833,0.49
209,55978e75-58cb-45c2-b3ad-7efaf68ca79e,KS,cotton,270074.55,0.0656,0.43
210,b1d5dfa8-b49b-490f-8bf9-0456f69699d0,KS,cotton,936586.55,0.0733,0.69
211,ec2bbf35-2941-4da0-b614-0ddae3c98f30,NE,wheat,1734017.88,0.083,0.41
212,8f0bf851-9cdd-46bc-a2c5-00d36d91af3a,NE,cotton,1665613.17,0.0431,0.41
213,8d69744d-2edc-49b7-9f1b-8e919c945414,NE,cotton,1703126.58,0.0566,0.67
214,feebd62b-c6ee-4711-bb7a-e599223d176b,OK,corn,1919067.07,0.0815,0.85
215,40187a3c-6980-4599-a64b-cad1a92cd35d,IA,corn,1965902.95,0.0977,0.68
216,71f74aaa-d913-49c3-9b41-f87fcf12a2ee,TX,cotton,141391.13,0.068,0.8
217,9c623cb5-3a73-4e63-bc60-2022477420d2,NE,wheat,217044.05,0.0979,0.66
218,78fdc347-de23-49ea-8699-971d0d1152b2,KS,cotton,200300.64,0.0587,0.9
219,aea444ed-a1d3-4621-a491-2de91570ea7b,NE,cotton,1078961.08,0.081,0.42
220,3e27fbf0-3711-4665-a66e-923becc6eee9,IA,cotton,432675.56,0.0479,0.86
221,925ca851-2718-44ab-8015-106da4981a5e,TX,wheat,286827.95,0.0336,0.58
222,e7ede9d1-77d7-47b1-9839-a89d450cee9d,KS,corn,145834.46,0.0528,0.88
223,114942d0-e5de-4d0d-945a-2bb2d760d3f5,KS,wheat,1833441.55,0.0497,0.69
224,9cd38992-f57a-432e-b06d-079e59626e7c,TX,corn,1597086.78,0.0789,0.86
225,6d0f1c01-b7e3-451c-87ee-baf55caf03e3,IA,corn,902840.78,0.0366,0.64
226,312e0219-2fb3-474c-8260-905d78ad2d61,IA,cotton,1539550.63,0.0949,0.84
227,8ead3ca2-3106-4f4e-9175-b73940fb8695,OK,cotton,1768137.9,0.0464,0.58
228,64377fe3-8555-422a-8ded-c5b5021e37cc,NE,wheat,888667.92,0.0589,0.79
229,1623f312-6434-477e-b4f7-5def8f255904,TX,corn,276534.5,0.0427,0.88
230,2662ac00-346a-45ad-822e-ee247e75d40f,OK,wheat,1550776.64,0.0603,0.63
231,b0b6ebe3-fe42-4963-b49f-da7bdd35e1b8,KS,corn,1388314.34,0.0397,0.58
232,b3917091-aa43-46db-a4dc-30aaa4d5929a,TX,wheat,113194.88,0.0697,0.7
233,32a9c51c-8bd3-472f-8a7d-1d3663ee825c,IA,corn,1982452.26,0.0519,0.88
234,b79afbff-7224-4af4-bfee-839e58fe7f39,OK,corn,1202981.39,0.0706,0.83
235,94ba8a0f-d545-4fab-a4c1-7d9e237c077d,OK,cotton,1579909.07,0.0651,0.78
236,70357a49-10e6-4c7f-a79c-c2b45f6af558,OK,corn,711221.63,0.0808,0.74
237,12a896e2-5a05-4b44-9dd0-b90598ae23eb,IA,corn,377868.85,0.0865,0.79
238,626aa9b3-83bf-4641-a2f8-5c568b02ac68,KS,cotton,1829964.4,0.0415,0.82
239,1d69fa45-cd53-41c4-a4c5-df04d1109c1a,IA,wheat,298899.94,0.0558,0.48
240,3353cd07-293d-4c08-bbd8-bf2933e9fe77,OK,cotton,860311.73,0.0858,0.75
241,538ffffe-89b9-44be-a544-ce84d31dca3f,OK,cotton,1202131.65,0.0341,0.42
242,380647a6-cf55-450e-8903-044b3ddf7a1c,KS,corn,1211903.3,0.0633,0.52
243,175af8d3-7de9-4c26-99d9-edaa068855f8,KS,cotton,1334496.91,0.0706,0.87
244,3057377b-cd15-45e3-93e8-ec52129a9f07,IA,corn,1388223.24,0.0379,0.66
245,97275220-d155-45bd-b4d8-b0928e8d3117,NE,cotton,169444.91,0.0689,0.45
246,ebe487b7-5040-4471-b792-2da98566c7a1,OK,wheat,763189.98,0.0751,0.9
247,bde1a247-c2e5-468b-af06-53537b7e7264,KS,corn,1959094.17,0.0751,0.7
248,d656c067-59e7-4642-b647-49ca249d64ca,OK,cotton,293696.88,0.0531,0.79
249,8fa0b824-ade6-4643-88c5-ef1fc7088569,IA,cotton,1584087.11,0.036,0.48
250,dede270c-4be1-4a6f-aaa1-035fdf22f05e,IA,cotton,549184.99,0.0841,0.88
251,fd2ae838-5bb2-4461-872d-7fe91dabbca5,NE,corn,1008233.25,0.0944,0.72
252,944da986-5d6b-4116-85a6-f053f1434bbe,TX,corn,724589.59,0.0495,0.78
253,a07035ae-e5e3-417e-9543-dc935cd52b0b,KS,cotton,793041.72,0.0711,0.85
254,cd914371-318d-4c0f-9dcf-12c374992bbc,NE,wheat,1777925.65,0.0433,0.82
255,b5e85e4b-62cd-4aaa-a42f-84726d2b5a30,OK,wheat,1521556.76,0.0969,0.55
256,180f90ac-8141-4553-9307-9f56ef3ef5ab,IA,wheat,73391.75,0.0608,0.72
257,7b141e26-b979-473a-ab20-58e56114f7de,NE,wheat,1174340.06,0.0688,0.51
258,fcc60017-8d24-4271-b38c-d6c714e8ce61,KS,wheat,624147.93,0.031,0.56
259,7b63d02f-8d0e-49a9-92d5-e094286fca7b,TX,corn,725101.38,0.0933,0.43
260,8cb1a1da-d8ee-454b-ba72-95b42ed4bd97,OK,wheat,167852.04,0.0603,0.45
261,233de6d4-2b42-49a4-9ba9-00e0962bf0c4,KS,wheat,259774.68,0.0406,0.77
262,8fba2c68-56e0-4e30-95e7-ea2c358cec09,IA,cotton,250083.25,0.0528,0.4
263,48e05b76-c633-467b-a311-c258339089a0,IA,wheat,783879.93,0.0324,0.47
264,a132f7db-cfb8-489a-b157-59658df639d4,NE,corn,1954776.54,0.053,0.63
265,f96e0d01-c4d8-4428-a13f-85e96b24ea48,NE,corn,763940.52,0.0916,0.42
266,c2c17c7c-f929-4e8b-96e1-ac91d2efec94,IA,corn,1541209.81,0.0393,0.6
267,43fe309a-351f-4bec-b966-a7f5c5e0b51f,IA,cotton,188063.87,0.0353,0.42
268,63a51003-d771-4d0d-9563-be89514622ff,NE,corn,997545.36,0.0848,0.69
269,99c762cd-bc85-43e5-aa43-2626a7e7716e,NE,wheat,1570501.64,0.0539,0.6
270,24ddb010-95b2-48c6-8008-582a199c5970,IA,wheat,1417367.48,0.0355,0.81
271,1e5976d5-7d4d-4bf4-87d4-711363e5df25,IA,corn,973532.44,0.0542,0.75
272,93531105-fe1c-45bc-add3-2205f54ec161,KS,wheat,1880394.12,0.0842,0.82
273,9bccd689-8ed8-4c9a-8a72-0c1316097838,KS,wheat,273785.11,0.0847,0.42
274,ec7caa1e-ffca-4794-897f-8607e7f86d0f,KS,cotton,482254.07,0.08,0.79
275,26807736-0e96-411a-a379-2f2d4c1842cb,NE,corn,323777.49,0.0497,0.88
276,33e6f424-f5f8-45cd-83d8-55c7f49f11f0,KS,corn,990418.34,0.0491,0.79
277,59592dc6-3a11-47e2-96aa-2ff0de94b48b,NE,wheat,1596400.14,0.0307,0.74
278,e8fe75d3-f93c-4993-a640-0e9625ac63b6,NE,wheat,57943.59,0.0767,0.8
279,84f640fd-3402-4908-8a41-be25dff69367,OK,cotton,1160130.24,0.0866,0.61
280,6701aca1-b99f-42d6-adb8-734589a9ee5b,OK,wheat,1728649.26,0.081,0.47
281,b7093e47-8626-431a-a3f1-e468711c5780,KS,corn,87629.62,0.0985,0.66
282,7ea5507a-2df8-4a29-8acb-26b44831668d,NE,corn,123329.04,0.0747,0.5
283,5f08f591-34cb-40f5-b7b7-68909049c89d,NE,cotton,470078.78,0.0728,0.41
284,548cac8a-b74c-42ad-95a7-1c8e47f591db,NE,cotton,1345287.4,0.0983,0.78
285,38b14c16-2d7d-4892-b61e-6ef901cb691c,NE,corn,1669257.38,0.0843,0.82
286,22ac6d92-ab47-4bfe-b867-0f35b123bf4b,OK,wheat,215852.89,0.0764,0.54
287,7eaa57bc-029e-4f97-9d19-acec80986fdd,KS,corn,916829.05,0.0347,0.61
288,f4d8fe90-7d6b-488d-a0ef-6098c012a258,KS,cotton,1360942.69,0.0907,0.73
289,cc914f21-ddaf-4f66-b420-64d7c64914c1,TX,cotton,1550853.73,0.0895,0.63
290,53a8687b-9719-43dc-8a52-ff44be566228,KS,corn,1500841.65,0.0672,0.9
291,5dd39080-51c7-449e-b6d5-eb09c39549c2,KS,corn,1052993.93,0.077,0.44
292,f68a8931-1ddd-4d7f-941b-95e34034bcfe,IA,corn,1173196.04,0.0758,0.73
293,fabd02ad-0db2-43ab-99b7-29f51de21707,TX,wheat,1770801.26,0.0622,0.89
294,9f31b231-c781-4110-ba7f-addd619855ec,NE,wheat,704250.78,0.0875,0.77
295,2888ab34-52cf-4215-8f61-02f50861f8b7,IA,wheat,1823069.1,0.0905,0.43
296,f505106f-d606-4a33-b982-5308fd156cf1,NE,wheat,761682.86,0.093,0.68
297,00eb91d2-df69-4b85-a19a-5cd6f0b647df,KS,corn,1424676.84,0.0526,0.79
298,c3936b4b-efea-4c3c-9632-dd532e3ab27a,OK,corn,289515.22,0.0913,0.44
299,9465dc85-08f0-4c2b-87d6-adbfe8c935f0,KS,wheat,1643973.68,0.074,0.48
300,8bf95221-beae-476f-b580-48d2c16512d8,KS,corn,484880.24,0.0767,0.84
301,d5e5d161-459e-4cc3-a88a-3d9a35195d57,IA,corn,1881621.63,0.0871,0.78
302,0865702f-1446-4c25-9b12-aa3d8ab90cd3,OK,corn,189490.82,0.0475,0.8
303,644e6e07-c67c-42b9-8fab-ca3d97770772,TX,wheat,552214.2,0.07,0.67
304,f5373408-7834-421e-ad2d-6cc1f08d05dd,TX,corn,445041.0,0.0627,0.57
305,729a6bc0-0bcd-4afe-8781-328bc0192898,TX,cotton,1414215.15,0.0852,0.73
306,87d66bbf-8662-4ad2-a989-2087cb838739,IA,cotton,793457.25,0.0893,0.5
307,cc934dca-b256-4bd4-93b8-df52cae3f4f5,TX,wheat,703828.48,0.0437,0.54
308,58386d00-4968-4191-a6b2-a7b32e4f00ba,TX,corn,992897.71,0.0751,0.85
309,7a387274-672e-4463-a688-d6a6cc86cda0,IA,corn,1332424.53,0.0588,0.58
310,18b2724c-bc9b-4476-83bb-6ef21dc8d650,NE,cotton,357442.5,0.0385,0.79
311,084f894e-d767-4e83-89ec-6f87cdc30513,OK,wheat,1502303.27,0.0353,0.67
312,85d5b1de-5905-4f0f-856c-4980a67e4793,TX,wheat,1373895.46,0.0472,0.78
313,ced7b21b-106d-4900-a1c6-93dcdee73399,KS,wheat,430156.47,0.0678,0.71
314,f5dfe9f3-31f1-46ed-a011-b74798d406f1,TX,wheat,850500.43,0.0445,0.82
315,c710dee4-0fcf-411d-a0a0-edf25b9d2538,OK,wheat,400907.63,0.0489,0.75
316,8333d267-4836-4a29-a7de-cd7c6fd9a2d4,KS,corn,1808793.47,0.0695,0.87
317,426dd96c-53b2-4321-8dca-1740901fabb7,NE,corn,1368685.71,0.0391,0.52
318,adf92c09-fc51-42b1-8f45-86491adeadca,OK,cotton,91653.7,0.0813,0.6
319,d83989be-e898-40f9-8466-706bae8706a6,OK,wheat,970829.73,0.0464,0.72
320,e63b540f-3b88-497d-963d-9a413d2a9ab7,KS,corn,321923.25,0.0346,0.66
321,19cefbe5-94a0-44b8-a324-154160a8b5f7,NE,cotton,516559.93,0.0848,0.61
322,3ca8a53a-8e60-41ec-8be7-372441d5672f,NE,corn,1536715.41,0.0951,0.59
323,72792b84-c589-4d57-8e29-d70e6a4bd099,NE,corn,1755905.63,0.0604,0.66
324,5208af6c-f4aa-42f7-851b-8d803c4c1466,IA,corn,818163.73,0.0377,0.52
325,2bd40934-e3f8-401d-ab96-6b9cf8b9dcdf,NE,wheat,1497038.1,0.0886,0.44
326,924aeef6-d112-48e8-8abb-36bd6176dec7,TX,cotton,927710.13,0.0592,0.79
327,a10b4e6d-6d80-4355-abd1-a535c15b4e2f,OK,wheat,805657.26,0.0367,0.44
328,bd4ffadc-ecbe-44fc-aa31-6eed7e229307,NE,cotton,399310.7,0.0768,0.42
329,b9a7aa9b-d621-4b41-942c-f26113f52432,OK,cotton,735310.31,0.0492,0.83
330,675e2ad0-2981-46d5-bf73-d063771bf4ff,TX,cotton,570995.4,0.0349,0.75
331,e4155f12-a5fb-4eab-a445-7347b4ab3710,KS,corn,664317.45,0.0715,0.69
332,3364c131-5134-4427-8be9-8b3a8bde8581,OK,cotton,474537.15,0.0336,0.6
333,89337356-5ac3-4086-b770-e7a39f93467e,KS,corn,464957.66,0.0611,0.54
334,5417d489-d6ca-40cd-adc4-296665343bec,TX,corn,435092.23,0.0966,0.42
335,bb0ca8b8-cfa2-42e7-abe7-a91aacbe3ad1,OK,wheat,748542.33,0.0788,0.46
336,fae763b3-64c1-44db-a32d-9fe65f81b27f,KS,corn,1331882.36,0.0498,0.53
337,29099d49-7f0a-486a-9516-f6a80ce64b73,OK,cotton,487696.49,0.0528,0.74
338,26f7b13a-b293-44e9-9169-dc0ba0aa6b84,IA,cotton,75756.09,0.0893,0.62
339,d9f467d4-fb0a-4866-865d-480d253d873e,TX,cotton,1572107.58,0.056,0.44
340,af0a241e-7054-40a5-8bf4-f736eabb4982,NE,wheat,631048.57,0.0958,0.77
341,7db6afa4-188f-429b-acde-1ae9d7cb08dc,OK,cotton,1678288.54,0.036,0.63
342,2c196d52-bcfc-4a2b-98d6-14f267c1d2b3,TX,wheat,1772614.89,0.0823,0.7
343,9960b326-a673-43f6-9044-42a832785ecd,OK,cotton,240667.7,0.0447,0.57
344,42297e4f-c199-4f95-89b1-46aeae8ca56f,IA,cotton,1196757.11,0.0468,0.49
345,f91a47d9-ff87-44b1-a113-b0f4dad73717,KS,corn,931781.66,0.0364,0.89
346,ed21cd7e-ca52-4b5f-924a-7c9e6ce4608e,KS,wheat,1507408.81,0.0924,0.89
347,cd4403c5-4531-403c-a1ef-8ed9d1979150,TX,wheat,1544104.31,0.0472,0.67
348,fe783f84-c823-44e7-a430-3fb9383858b0,NE,cotton,669244.78,0.051,0.58
349,b516f10f-3189-4c00-9541-2201701c149f,OK,wheat,157731.58,0.0637,0.85
350,ccfe1ada-e812-4e18-b3b2-d8142867401e,IA,cotton,1197252.44,0.0453,0.7
351,42e2ad8b-3120-483c-9b4f-dc56ad87953d,IA,corn,962469.9,0.0856,0.84
352,f21acc87-08d4-4374-b028-4da567dae322,KS,corn,722866.36,0.0405,0.84
353,47b73275-761b-434a-b895-49814061b536,OK,corn,503615.48,0.0449,0.87
354,819900b1-87e6-448b-81d3-35fcbf3eef8c,NE,wheat,827718.79,0.0436,0.68
355,513b891e-3a0b-4b7d-814f-c5ad2940fd5b,TX,wheat,715248.53,0.043,0.88
356,2623c7ef-3562-484e-be79-b1939f090cba,OK,wheat,1833124.31,0.0757,0.73
357,28668da3-e9d9-4f23-a064-070cdd4ebcc7,OK,wheat,1506384.65,0.07,0.76
358,a299d6d7-a3c6-4940-aa43-c7a0ea314f01,KS,corn,327636.79,0.0946,0.52
359,fd25b06f-1053-4c72-9cb8-317da40e1866,NE,corn,1535092.09,0.0458,0.43
360,114a1915-8a5a-4cca-9176-ad41c645b5ce,OK,cotton,812835.02,0.0425,0.53
361,33b8cd13-80c7-44d0-afec-3d037b246412,OK,cotton,1229074.87,0.0971,0.7
362,87ff9508-4ed9-417a-9a83-9f86cc70abfd,TX,corn,1982600.47,0.0751,0.6
363,20fbe2dc-4057-4fdc-916a-6c68fda11700,KS,wheat,983094.54,0.0678,0.6
364,503e7f78-aaef-46db-b6fa-b82cbd01c2d9,OK,cotton,1662267.6,0.0537,0.64
365,08ef4689-28ca-4dfd-9b89-68d15afff0a1,NE,cotton,659101.0,0.0365,0.88
366,087c785c-2c58-4e0b-8464-bbac84447d41,TX,corn,500354.23,0.0567,0.66
367,be6ed657-53cd-4a05-8027-44a1a47ba7a4,OK,wheat,1620710.16,0.0648,0.47
368,2da7e5f4-9683-42bd-99ce-d865c6ccd0fe,KS,cotton,1186886.39,0.069,0.83
369,71caeea0-a124-46a9-a9d4-0f728d16d2f5,TX,corn,70811.87,0.0932,0.84
370,88aaeeac-c83c-4329-bdc2-b1be8b0f5044,NE,cotton,613522.28,0.0795,0.6
371,19f435b7-3112-4414-83a8-848e99d42857,TX,cotton,505392.59,0.0623,0.83
372,3232cce9-dc81-43e2-a83a-0baa79532d19,NE,wheat,1506052.96,0.0473,0.72
373,826daf19-eda9-4d57-b44d-65c1e3a8bf7c,IA,corn,1006385.14,0.0912,0.61
374,819a4001-972d-4e80-8fd6-e6c03dcad4dd,IA,cotton,249195.21,0.0597,0.78
375,e4680af1-f02f-4897-8d90-79e2662c1735,TX,wheat,1365933.66,0.0561,0.79
376,0a6ad2db-ab19-4643-b885-f4276154a1be,TX,corn,1962862.37,0.0943,0.46
377,6569bee8-9bd1-49df-920f-34eafc3f18f5,IA,wheat,209954.12,0.0888,0.49
378,a144055d-52df-4cfd-bfe0-7a4ae2e91bf2,IA,cotton,1140615.43,0.0803,0.48
379,0b61fdc1-a66c-404a-90fc-fdbffaeed07d,OK,wheat,604123.15,0.0609,0.49
380,f0344855-4954-4ed5-bea2-c0a5743c3d09,KS,wheat,555996.08,0.035,0.67
381,a4a702fd-4b47-4a1e-907f-ebf9ff07bf00,NE,wheat,311328.94,0.0866,0.87
382,b85cfe51-8512-4465-bbab-58597838db1c,NE,cotton,109842.6,0.0399,0.73
383,da13f6d1-f006-49a1-99f7-57df81b76185,NE,wheat,1470064.11,0.0388,0.59
384,c014c5e5-ef66-4248-9757-c19f5566607f,OK,cotton,1124297.32,0.0597,0.7
385,64166dca-c105-4f4a-9ada-e29ce1a6c0e1,OK,corn,1697942.95,0.0493,0.79
386,56940aa6-0502-437e-81fb-8f2c2e7f772b,KS,wheat,106318.71,0.0562,0.71
387,4b8a9ccf-6d5b-4f7f-b2cb-92f7b9814771,KS,cotton,716131.89,0.0499,0.69
388,3ceaecdf-66d2-4cd9-98bf-aa56550c169b,KS,cotton,452488.16,0.0581,0.8
389,993732d4-4d77-47ee-97b6-bee3c7f547a9,OK,corn,737346.18,0.0418,0.42
390,ae6fb322-ffcd-44ec-8343-95d1e0ab606e,KS,corn,1726519.01,0.0778,0.84
391,d9c3764f-77f8-43a2-8b81-6b2b8ccdbaf3,OK,wheat,1353087.48,0.0673,0.48
392,d2f93688-d607-41d8-953a-99e2c447839b,IA,corn,1013111.32,0.0968,0.87
393,dbfd11e1-7e9b-4b88-8d57-0455266c3087,TX,wheat,1113722.84,0.0484,0.82
394,b4dafa7e-238c-4f3c-8c8b-cb14394ae7cb,OK,wheat,804949.55,0.0687,0.43
395,df4f94ed-fcbb-49af-9ca6-922c662e1f80,NE,wheat,184936.42,0.0309,0.5
396,c23380dc-4016-40cc-8642-909e8a6bb366,KS,cotton,1109223.7,0.0882,0.53
397,efecc4a0-7b6a-41c8-8433-579dfadc209f,TX,cotton,1022888.16,0.0959,0.81
398,7fd1ea1a-b9d1-46e7-89d6-9c2913105396,IA,corn,955298.85,0.0453,0.73
399,b628af00-f480-41ff-9da2-039b78a24148,NE,corn,589477.01,0.0973,0.55
400,0268ff45-b088-4d6b-b327-a139bf25d06d,NE,corn,882773.64,0.0899,0.4
401,88e06ce6-ed02-4631-812b-2f4d8a5984cf,TX,corn,1167087.18,0.0767,0.58
402,8aad6381-7b8b-485a-9987-a5410ddc4fe8,KS,corn,1659838.36,0.0842,0.63
403,587589d7-3d39-476e-8cd3-102f672f710e,OK,corn,1420424.02,0.0399,0.5
404,04f40516-15ab-4387-ab0e-3f6ef0082c4d,KS,corn,481120.3,0.0602,0.53
405,87d7fa6f-87b3-4d10-a13e-0cbda12989e8,OK,wheat,935178.21,0.0409,0.58
406,ace63850-2402-449e-8306-212807e91ad9,NE,wheat,1770808.36,0.048,0.87
407,60cf6418-ce9f-4d7b-944a-3108dce9911a,OK,wheat,1076573.77,0.0717,0.7
408,52f77df6-48c3-4c09-bcab-9431e760c740,OK,wheat,1920205.08,0.0702,0.89
409,1bcec959-fbc3-49e1-bdfe-63bd2b53df5a,NE,wheat,718538.96,0.0685,0.48
410,727720e3-03ed-4b60-bae4-9943f5ceb40f,IA,cotton,645809.76,0.0345,0.59
411,bcfb734e-b369-49d5-b8a4-0617167a92ea,TX,corn,1668585.12,0.0827,0.73
412,fa4af3ae-cff5-4c3a-82d3-470ae49c899b,OK,corn,1429470.71,0.0384,0.59
413,41cb5fc2-80c1-46e6-8aed-d21fa6775a8f,NE,corn,1823514.16,0.0369,0.47
414,cd216bbc-aace-4b1a-955f-449eb3069a8f,OK,corn,575166.41,0.0521,0.83
415,109bb39b-c6f7-4577-b0bb-106a64091e62,KS,wheat,854301.48,0.0707,0.63
416,b4a11250-9db7-41f9-b317-4452b12b2f8d,NE,corn,370213.56,0.0396,0.65
417,159a5788-5db2-49e6-8bd1-fd5bf9ea3ce3,KS,wheat,348308.68,0.0716,0.76
418,39918527-4796-465b-a702-75ac5b277f92,IA,corn,1105183.23,0.0435,0.8
419,3af023c0-4bdc-4327-853d-4db86b0c4bab,KS,corn,638190.5,0.0554,0.78
420,438b857b-6b2a-4f6a-aa2b-b8b0f6ca7e51,OK,cotton,1042257.9,0.0747,0.67
421,4afce43f-20d2-4b27-9b41-b8f6dabe2c6e,KS,corn,340793.86,0.0416,0.7
422,f8c51992-4f3b-4553-9646-c27ed45c02b9,TX,cotton,314107.49,0.0329,0.82
423,4429ad67-b812-4d35-bc07-e98909db705c,KS,wheat,1168032.9,0.0632,0.57
424,01c048b6-14c6-4008-b353-e20aa718e4c6,KS,cotton,446322.51,0.0963,0.74
425,f39f871c-b5e1-4cbb-80e2-4047dd878fe5,IA,wheat,598513.33,0.0408,0.49
426,40f8f457-2740-4b18-8917-32f0e75dd58d,KS,corn,80634.15,0.0578,0.61
427,ef8d4758-27ce-4d14-8b44-352dc941b56d,NE,corn,686668.66,0.08,0.89
428,1a31e79c-0e66-4bb2-8d62-62d57c48aec7,IA,corn,1822448.05,0.0999,0.68
429,32f7685a-0137-41dc-b1fe-ee2b03e00fdb,NE,cotton,722869.86,0.062,0.71
430,f2f79eb4-816b-4718-818f-b3edb0c94f85,NE,cotton,1758063.77,0.048,0.73
431,721b44da-5fbd-4d43-8c8b-74f6a491ce61,OK,cotton,1881671.98,0.0457,0.42
432,287fbbe3-680c-40c6-89bd-9e6a8e7037c2,KS,corn,1532330.9,0.0977,0.63
433,d141e6cd-b767-4119-b1dd-908827811f02,OK,wheat,594420.49,0.0612,0.56
434,43c64574-1222-4885-adcd-37ffe5f1b65f,IA,corn,850486.03,0.0308,0.77
435,2d142fdb-569f-484b-9f66-b597b1c78ad9,TX,wheat,87437.03,0.071,0.78
436,1c5e867b-a24e-4033-94ba-2bae186afb4f,KS,wheat,1863208.02,0.0417,0.67
437,51272e88-db91-4a3e-9983-5f69cac2dbbe,IA,wheat,1370042.66,0.0838,0.86
438,2e4f3906-0f14-4e71-b9de-43d33144957d,IA,wheat,1245299.9,0.0583,0.7
439,0fb35ede-bd2b-4fac-b8b4-5c2f8c62771c,IA,corn,429873.42,0.0663,0.62
440,31589447-31c8-4dfa-96c7-222e9558648e,IA,corn,1655220.51,0.039,0.88
441,e158bcd6-8918-4a3b-ab66-1ea71c8d8756,IA,corn,795250.08,0.0472,0.76
442,7ed2cd74-f1d3-432e-a257-6ec9ecffcbca,TX,cotton,974888.53,0.0473,0.56
443,902d1134-0681-4a61-8664-4576bb253cce,TX,corn,1215960.33,0.0543,0.88
444,427cf52e-85a7-4717-91a4-83229c461dc5,TX,corn,1571286.6,0.0471,0.49
445,ad693690-01a9-4ccd-8d9e-5b4cd64f1d8c,IA,corn,1734089.17,0.0564,0.75
446,f922b35f-4142-4b88-9b8f-a5dd1d8663ce,IA,wheat,383947.63,0.0923,0.61
447,820626b1-681b-4c45-b140-a3b1c02c7b54,OK,cotton,71868.41,0.0368,0.42
448,d16bb32f-3c42-41a6-ae3c-30d75705bd38,KS,cotton,1156004.58,0.0835,0.55
449,b0ca536b-1d72-4ea2-843f-14f5e65766f5,NE,wheat,1077498.28,0.0587,0.73
450,e5292444-6f68-4b7a-a9e0-5f679117772d,IA,corn,1680269.81,0.0634,0.87
451,011617dd-0cfb-417d-813a-5542fc2a2eea,IA,corn,1783230.63,0.0339,0.59
452,10d6d4b0-3019-4566-a566-cc81866a1762,IA,corn,1337646.3,0.0885,0.77
453,585e29c5-2dd6-4bd1-917a-72318ab468b2,TX,wheat,1368074.68,0.0908,0.62
454,369978dc-9049-4a17-ac66-fe68756af72d,NE,wheat,832908.94,0.0839,0.5
455,aba731c0-7673-44f5-9661-f28953dffc0e,KS,wheat,926215.69,0.0883,0.88
456,093aa4eb-5a36-4ce1-b344-dd6cfb998905,KS,cotton,851479.35,0.0305,0.61
457,0d120f63-5c31-4b96-a2fc-3624a4493677,OK,wheat,1654918.77,0.0696,0.67
458,72111dc5-b910-4148-9d86-bb8ac8bbba5c,OK,corn,513121.59,0.0569,0.43
459,ea16b33f-ad80-4189-8153-b3b6c512d606,KS,corn,204026.88,0.0459,0.54
460,4273a91c-0e75-49b5-877d-9b362cba0639,OK,wheat,404504.07,0.0322,0.62
461,316c2355-4b60-44c0-b5e1-2b9ad1011dd1,OK,wheat,166998.17,0.0903,0.58
462,6f31d289-c9e6-4c46-a458-60cfb0464998,TX,wheat,413783.43,0.0443,0.71
463,00cb9e8f-0e44-460f-8291-16da22dd2980,TX,corn,832983.09,0.036,0.65
464,31265898-0a1f-47e2-abe4-e0490dec55ae,NE,wheat,155929.43,0.0615,0.75
465,f9581e80-6985-49d7-92d6-445828437ac0,IA,cotton,238987.57,0.0336,0.82
466,c7f71b70-0707-4c5b-aeaf-185bb82b3d8f,KS,corn,1905752.14,0.0625,0.59
467,0edea2c5-b578-4487-9db8-f5d851a22525,OK,cotton,741756.75,0.0625,0.7
468,a2f8c75b-44c6-489d-8a1f-0fe6056c31c8,TX,wheat,682420.44,0.072,0.89
469,2b2458b9-7ff8-4b95-923a-344dffbb4cc6,IA,corn,976096.86,0.0615,0.64
470,a8ad504a-eaa5-4e5b-8b0f-551d759f52a2,IA,wheat,1528179.77,0.0711,0.44
471,e887a950-6f04-49ec-a1d8-6128f6d49758,TX,cotton,949813.14,0.0385,0.45
472,8bba8af1-58d2-401c-8ae8-fe2b6d13b8cc,NE,corn,120326.19,0.0646,0.73
473,b9a5d147-ebc0-4cb3-97f7-a9cf9fa1acaf,TX,cotton,1118236.21,0.0888,0.49
474,60b78635-3d33-43d9-9aa9-3fb2886f5378,TX,corn,623164.24,0.0902,0.87
475,881c64d1-a893-42bf-9102-2618f472c000,TX,wheat,1024685.16,0.0414,0.64
476,48068705-5cc0-4985-b165-9386bb70cc4c,OK,corn,1215400.29,0.0746,0.89
477,a49f0982-4b34-4956-a3f9-d4df848bdddc,KS,corn,241819.69,0.086,0.81
478,1d0c2061-e311-4a05-9f68-25bac88086e1,TX,wheat,726514.09,0.0577,0.41
479,557dc2c6-4422-4cef-bed0-d27345ccd097,IA,cotton,532891.61,0.0474,0.84
480,d950166c-5b76-4ec7-8c5f-b7c1c75928bd,KS,wheat,569088.28,0.0811,0.8
481,fbf0c1b5-439d-4cc8-ae70-2a14648b4e49,NE,cotton,1358863.49,0.0818,0.62
482,79e1a417-7709-4a0b-87fb-0f6bdbfc2500,NE,corn,1965434.55,0.0941,0.64
483,180413f2-7323-473f-828f-a331bdf5b868,NE,cotton,626396.69,0.0478,0.77
484,8b4cc7e8-bf6c-4d2e-97c0-e777d0cb44f7,IA,corn,385113.84,0.0903,0.76
485,42cb874d-e1a9-42ca-8fe3-19be1f0c6d7b,OK,cotton,1434049.89,0.0777,0.46
486,90cd1350-fc89-4386-a65f-26555890466f,TX,corn,637478.55,0.0774,0.41
487,6c0c2734-6527-48c2-8f8c-df42f9fa3d5b,OK,corn,1202116.7,0.0602,0.78
488,50ca0168-ea3c-496e-bb47-24c814f21341,TX,corn,1336541.04,0.0425,0.43
489,0a330d7e-dd32-4abd-b927-075e6cf53a8e,IA,corn,735451.95,0.0622,0.59
490,71cc3366-255c-4f45-a7df-aa48d66a95ae,OK,wheat,1987028.4,0.0415,0.48
491,254a38f5-aaab-459b-b28d-f4a0e56959ae,KS,corn,315100.1,0.068,0.77
492,d7cbfc02-b3b5-4676-9c85-bcf8305ed1c6,OK,cotton,1799661.14,0.063,0.44
493,45e9656a-573d-4aaf-88dc-7c0a3ea0119e,KS,wheat,450734.99,0.0329,0.43
494,adec492f-8c9f-4465-9253-3d2886867d89,KS,wheat,1659520.31,0.0604,0.46
495,42aeb439-8c1a-444e-8887-b08ed7014560,IA,corn,1706851.31,0.0565,0.89
496,8076b6d2-2489-46fe-b9a8-999df181810e,KS,corn,205048.92,0.0992,0.62
497,3c90cf79-9d0b-4777-8b9c-307a005552e5,KS,corn,1171162.84,0.0701,0.68
498,3f87e2fd-a341-4a7a-8eec-e105307bfd8a,OK,corn,471814.58,0.0453,0.56
499,777079bd-b798-4d50-b600-176f6ed68fbc,KS,corn,411191.31,0.0338,0.78
500,96ddf732-889d-4473-ad94-b6d412431fd7,OK,corn,557812.32,0.0956,0.4
501,5e424f94-ee91-4253-be45-fd0efcb3503f,IA,wheat,617767.79,0.0845,0.65
502,666717a5-c18c-4b32-8c62-2b9aae2046a5,TX,cotton,430997.95,0.0856,0.4
503,63ca803b-52b5-44f0-8dfe-6c1f4aa04a47,OK,corn,664479.25,0.0412,0.47
504,3a358638-92e9-434e-99e3-928c1375a526,IA,cotton,1217400.97,0.0984,0.6
505,08380ce4-2a8d-463a-aae6-d4befc88fb92,KS,corn,1226918.21,0.0423,0.67
506,fce47336-f21e-4e6c-b6ee-534bacf58df2,TX,wheat,1984023.07,0.0538,0.58
507,e6d7b576-8139-4a50-bdd5-e8ef92dc85aa,KS,cotton,679991.68,0.0533,0.69
508,27a4714f-de24-4d18-a3b1-d24f9657018e,OK,corn,1710062.95,0.0839,0.58
509,7454d2a2-b726-4dc9-81b7-2f6be892e067,OK,wheat,909080.6,0.0579,0.89
510,caa2c39a-ccf7-4944-bf46-ec057a2b8221,OK,wheat,1756868.36,0.077,0.75
511,00caf43e-cb35-4856-a099-511cde044d8f,OK,wheat,1182867.54,0.0376,0.78
512,0f3641ad-a35d-4d0d-b280-1f8b09f9d660,TX,corn,1139166.96,0.0493,0.51
513,7e60fb7b-39dd-478f-94cf-00b5abfe4cc1,NE,wheat,216008.41,0.0781,0.75
514,43b22c25-0970-4d03-98e1-7b739663b19b,OK,corn,52701.28,0.0787,0.88
515,7c450fbc-9477-4f06-aad2-c80b81115e0f,NE,corn,1535484.9,0.0357,0.48
516,2ac9fb41-a1ff-4bef-ba22-ce4fbe47adfd,NE,wheat,570067.79,0.0737,0.84
517,fe33422d-30b2-4812-ab19-6f97d4b7b8b8,KS,corn,418346.62,0.0382,0.41
518,760b2176-c9c9-4f8e-ad15-953ba3d46e4d,KS,cotton,1887469.48,0.0886,0.58
519,68d45cc7-1411-44f9-9e7f-2604053b680e,KS,wheat,869388.27,0.0939,0.61
520,d2f141af-5e1b-4140-85b1-22c25130147b,OK,cotton,89761.86,0.0631,0.44
521,a67f6367-26bd-43a7-870c-53c813667db0,TX,cotton,314030.73,0.0618,0.86
522,565f3886-43bb-4890-8cbc-0f5756e3354f,TX,cotton,590369.23,0.0408,0.49
523,14e53592-93d4-46d7-8e11-a1ac348b69cf,IA,wheat,365246.82,0.0811,0.89
524,12fcf5bd-6d05-4d74-bd0b-1d1cd3a8bcd7,KS,cotton,1731976.68,0.0747,0.82
525,77cdd658-48d1-4038-9c7e-69c389ac7449,IA,wheat,1587236.16,0.0494,0.89
526,af376b99-a8ba-4f9d-b0a7-1951de9784c8,OK,cotton,1426046.95,0.0526,0.42
527,bdec6d70-862f-428f-8d35-7ade42f23c50,NE,cotton,167254.39,0.0597,0.68
528,1205540b-91a8-4b20-a783-8c6599ebfbbf,TX,wheat,1607105.48,0.0338,0.6
529,f39f93b7-5649-4f85-9dac-4254ba3f87be,KS,corn,1171751.58,0.0378,0.81
530,2c0e50bf-5336-4759-9514-5e639bb9bd06,IA,wheat,1313063.79,0.0495,0.5
531,e59ac04f-8b7c-48bb-a12e-8ed99f02121b,NE,corn,1883133.02,0.0839,0.51
532,490ccae7-8181-4ed6-9883-1cf065ac02f9,NE,corn,832327.11,0.0301,0.61
533,f860d60b-90e6-4e64-8dd5-77dc6e6dd979,OK,cotton,1718741.51,0.0826,0.76
534,5da33003-893e-456c-ada1-b456c2659ae1,IA,wheat,860526.59,0.0887,0.8
535,b49bfd41-ce05-4a26-9401-2769738bdf0b,OK,corn,137636.91,0.042,0.43
536,e552f01f-bd7b-46eb-9825-d0e71d22dc49,TX,wheat,1859188.64,0.0352,0.8
537,aceb5a58-bdb4-4fbf-ab26-0774e03cffe3,KS,wheat,461547.43,0.092,0.63
538,cb102c86-d430-46af-8d2b-30fc1551bb45,NE,wheat,1908328.7,0.0859,0.86
539,c000014f-70da-467a-8a2d-5adb98e8f0fe,TX,cotton,1384590.4,0.0547,0.44
540,2b922665-2391-4aae-a836-e972b34388ae,OK,wheat,1948434.75,0.0675,0.71
541,ae03072b-3bbe-4073-a884-8791a9c2472b,OK,corn,1198279.23,0.0416,0.46
542,7f5e9f54-4fdb-4b48-a8cd-b40c9cf09653,NE,wheat,172828.47,0.0756,0.51
543,15dfa6f7-f5b3-4459-8184-ee913e16336c,TX,cotton,367836.9,0.0524,0.6
544,48827f3e-bc7f-4ed3-b7ef-ef86c86d34c6,NE,cotton,1507654.92,0.1,0.65
545,fba47731-48fd-4969-a3ec-f0ca21e8eb2d,TX,corn,230091.42,0.0705,0.56
546,0281c93d-1882-49ce-bd24-07be4e3e9058,KS,corn,1853614.16,0.0821,0.71
547,499a8b57-58e8-44f0-9897-ca19bcf29def,IA,wheat,1374222.7,0.0474,0.69
548,1c6f8344-e0ec-404e-b9ab-a27ec48ba677,IA,wheat,199899.42,0.0323,0.44
549,de93191e-bcef-458d-8d31-7240733199dc,NE,wheat,682743.7,0.0892,0.66
550,8dde89d3-c8a3-48d5-b2be-c5e04df17993,NE,wheat,856534.87,0.061,0.8
551,3fa1cab6-8231-4b8e-ba5a-22d44126d77e,OK,corn,917744.1,0.0594,0.57
552,9fe59d83-631b-407c-bab1-81c0c6d07f55,TX,corn,1247558.22,0.0989,0.52
553,758130b9-2a79-4275-aada-1e63ff0d273c,TX,corn,1939532.31,0.0364,0.57
554,8b2771a4-b631-4ea6-8285-701d5ad05e07,KS,cotton,1410596.03,0.0886,0.45
555,9947248a-4954-4bc5-b1d1-b83810d9e831,NE,wheat,767184.99,0.0658,0.77
556,425becbd-8013-4e4a-a84b-9709390d9654,IA,wheat,652802.6,0.0784,0.58
557,af226754-365d-48b4-97a2-59448ada7944,NE,corn,1889774.62,0.0679,0.74
558,a19b3520-af44-4bc0-a467-22fbb32e4fc4,TX,corn,1404959.49,0.0887,0.5
559,0562b519-5f98-43f6-a0ad-fa23ddd7faba,KS,wheat,1246580.23,0.0951,0.62
560,8526edaa-b3e8-4ee6-8bc1-109b2ed82740,NE,cotton,1406320.34,0.0408,0.78
561,b6b9d906-f68f-4912-878f-556960174741,NE,corn,1312327.6,0.0743,0.47
562,e03e9099-a6d3-46aa-8a7b-6d483bc58042,IA,wheat,874786.37,0.0619,0.87
563,43fd3fe7-39d6-41e6-8ee6-bb3c3b90b3d0,KS,cotton,1645363.6,0.0791,0.49
564,f03f9353-14f9-48d1-9541-a95b81766e8a,NE,cotton,995046.29,0.088,0.73
565,a9dae98b-2116-4aff-8549-5c0bf3333dc7,IA,wheat,586733.58,0.0742,0.54
566,f3246391-5aa0-4aa0-8ba6-13e45899065d,TX,wheat,1465097.21,0.0532,0.7
567,cac8e8ab-9d41-445a-b802-7f3e18c43933,IA,wheat,575941.89,0.0361,0.85
568,c981ce3e-5b58-4944-96bc-d117d8159160,KS,wheat,910701.6,0.065,0.66
569,b49c01be-a6e2-4549-bf70-34ed2cf7d944,TX,cotton,1794451.85,0.0764,0.81
570,48675daa-97d7-406c-a4bd-450a564725fa,TX,cotton,599882.5,0.0905,0.44
571,e36596b1-f27a-46c9-a2fb-5504b3a03bc8,NE,corn,1529411.32,0.0454,0.66
572,b9897c4b-7a84-48f9-bfa6-56f1ed39b533,NE,cotton,1682763.06,0.097,0.65
573,8ee26e40-957a-4113-8fe4-57ac4f915534,IA,wheat,1192978.23,0.0372,0.69
574,68422c1c-8f81-4b20-9133-5b641e94a08b,KS,wheat,1052301.11,0.0661,0.75
575,bc39ea36-9f7c-4095-9523-2c5c9f6bc756,IA,cotton,588489.33,0.0505,0.67
576,da5afec8-be9d-47d9-a9a3-7c0ca886e627,IA,corn,559419.45,0.0335,0.65
577,57311ef2-ea8f-44f0-a69e-f2281172d161,OK,cotton,1946011.91,0.0909,0.47
578,27494df9-cbe2-4658-9085-5827cc699e6f,TX,corn,448253.58,0.0908,0.88
579,eaa2ad8c-7678-47f9-97a1-7d07a0a8225f,KS,wheat,1537338.55,0.0827,0.48
580,a3f85d81-37f9-4dff-b93b-92b091e889f4,TX,corn,923461.71,0.0569,0.63
581,bb7c9a50-e06a-4d6c-b91a-9d1b78b7018c,TX,wheat,58286.98,0.0348,0.6
582,8b0a3f71-d299-4579-9469-fe72cf50e812,NE,cotton,1542516.81,0.0841,0.64
583,604cec1c-6b18-4d46-882b-d943713847c8,OK,wheat,1878905.65,0.0954,0.55
584,15d662a8-0ac8-4431-a459-e38e22aaedf6,TX,wheat,546576.21,0.0818,0.65
585,e6b9b9cd-e210-46f4-bc87-fce3a2560473,IA,wheat,682182.02,0.0895,0.56
586,074fcd90-d654-4b81-9a83-aadf1f2d0ffa,TX,corn,265628.61,0.0666,0.63
587,bbe0d1c5-350b-4a99-b3c3-bb326d6b43df,OK,corn,1793504.18,0.0618,0.89
588,948b5808-9130-489b-89de-d1786dcb62a2,TX,corn,1351854.26,0.0856,0.55
589,1178bca4-4a26-436a-b227-3916af2acaa5,OK,corn,293042.73,0.0607,0.66
590,d41e642b-10ad-42f3-9564-284228973483,NE,cotton,1475718.52,0.0814,0.57
591,228615eb-ebcb-4f1f-83d2-8821686420c9,KS,wheat,322274.61,0.0577,0.8
592,94b0cb2a-7882-42b8-a527-d9f767e614d0,TX,wheat,578167.29,0.0552,0.82
593,4dbdd115-a5f4-485f-80ed-3363a66633b3,TX,wheat,181715.73,0.0396,0.46
594,6b6e5a81-8ef6-4b9c-8e09-a88ab5f59a5b,OK,corn,816883.52,0.0836,0.45
595,ef68b9f2-8588-4870-b8d3-112de0210a3f,TX,corn,1488516.34,0.089,0.62
596,c8afbe66-750d-410d-8f06-c94977347edb,NE,wheat,1227970.27,0.0541,0.63
597,34b75005-dd26-4988-bf12-fcf095df04fe,OK,wheat,1168121.69,0.0626,0.64
598,38acc2ce-cfe2-4633-a7a1-7c59a7a5df3e,TX,cotton,334606.9,0.0546,0.88
599,8a15e34f-e18a-4af7-971e-8d90a9195287,KS,corn,243303.72,0.039,0.84
600,c402535b-f56a-450b-bb85-896bfdb11fb0,KS,corn,467793.5,0.0898,0.88
601,e1d2e0b4-08d3-4406-894f-a145a6e2cf10,NE,corn,786108.87,0.0902,0.47
602,d367e761-20ca-42a1-a645-5e62e2c6449f,KS,cotton,690510.58,0.0742,0.84
603,f8e1919e-c606-4704-94c8-9c74c68636e6,IA,corn,594865.27,0.0641,0.64
604,1b326629-db92-412f-bfa9-4ab2d618455f,KS,corn,1289222.42,0.0822,0.53
605,c72a456e-9813-4cfe-ac25-ff4a17d7b2d5,TX,wheat,531116.92,0.0768,0.85
606,33c3c3a6-36db-4942-814b-bab49e8c21e0,NE,corn,1419999.83,0.037,0.58
607,87afc1a0-0376-40fc-843e-5a1347ba8327,NE,corn,371208.72,0.0843,0.49
608,d4c57b1f-9ec4-4ea4-8588-7399b4652fb7,TX,cotton,1893209.13,0.0669,0.77
609,3cc08a7d-2bab-4eb0-b649-5c7ad3cdb168,OK,corn,1968414.73,0.0973,0.47
610,64a1b9a7-1f99-4c02-9be1-6d18df4d15fe,TX,corn,1227468.37,0.0999,0.75
611,1f5568e3-ff6e-4962-8725-335ea591e610,NE,cotton,526661.47,0.0997,0.75
612,aaad9107-455b-499f-8b6b-ea35e0f17ca7,KS,cotton,1760425.03,0.033,0.79
613,dff661ff-8301-4338-ae4d-8f1036538b02,NE,wheat,688940.34,0.0575,0.44
614,e557797b-84a5-481c-b841-b8fc3a34f1dd,OK,wheat,228236.67,0.0415,0.59
615,6a5db413-e54e-4c48-8109-082e6e16a916,NE,wheat,1328716.61,0.0455,0.89
616,87e908cd-b156-419d-97b8-fceac6190eba,OK,wheat,590525.69,0.0671,0.88
617,fa13c60d-a2d3-4250-a3d3-48ad39498fc8,KS,cotton,1015449.52,0.0575,0.68
618,11fe7797-b802-4f4a-a104-63668b9d2ec1,NE,corn,1173675.65,0.0949,0.8
619,dccc6164-60d4-42bd-85ac-513a4c7eda76,KS,cotton,681866.48,0.0609,0.66
620,45fbd3c1-16d2-4484-b9e7-6751df853b75,OK,wheat,1306692.62,0.0905,0.49
621,df87fe68-48e6-488e-b7c9-890f300c4c77,KS,wheat,461590.62,0.0764,0.43
622,a94e8687-0782-461b-8d53-03a3dd3d5aa7,IA,corn,377752.49,0.0728,0.63
623,af89dd20-3938-4866-be22-3b2c55a09df7,OK,corn,561389.0,0.057,0.51
624,d85060e5-6aa7-4e02-b21e-d712fb97b92b,NE,cotton,910900.95,0.0677,0.83
625,0614f017-070f-48a5-a5e4-cc1e0349dccb,IA,cotton,284075.29,0.0523,0.68
626,2a2676d4-f2c8-455b-b073-7b5d628518b6,TX,cotton,1196683.93,0.0684,0.53
627,82265324-290f-4541-96f3-c53a1006190b,KS,wheat,1669539.92,0.0639,0.52
628,8f9219fa-6e47-4436-a714-5dcfbc912896,NE,wheat,419510.64,0.0497,0.46
629,ec6ebdba-66b7-48da-931c-617e24b3baad,KS,corn,1599842.51,0.0829,0.59
630,cc12afa4-0580-42dd-aaf3-08b296294c1a,TX,cotton,623029.57,0.0816,0.63
631,58dfa3f3-dbbe-4341-bdb1-ba681a3e6c8b,NE,wheat,1054706.56,0.0717,0.85
632,6e0c147a-3b9b-405c-b033-415c0edea88c,NE,corn,377193.26,0.0513,0.67
633,a332b7d1-95bc-4423-80ee-5401cdea5607,IA,corn,1684718.77,0.0494,0.41
634,538ea064-f4ff-4d10-9d37-903ecbbd3519,KS,cotton,671024.99,0.0396,0.71
635,c3c11bb9-057c-4fb1-a487-e7fb92b64f88,OK,cotton,1543616.32,0.0767,0.81
636,26f2a20e-2591-4715-8a25-9063fc53a010,IA,wheat,75853.29,0.0308,0.46
637,c3b3ae3b-02bd-4f7d-8354-1f036d33cf76,KS,wheat,1020129.36,0.0445,0.76
638,a4975c29-e968-4f6b-b0fe-2aeddd480e05,IA,cotton,1380621.75,0.0466,0.87
639,f7731a31-7c64-4493-a458-e5bb7c65bc71,TX,corn,1023140.9,0.0507,0.72
640,a202d480-4b86-48b3-851c-cfb4ed0d55c0,TX,corn,956792.42,0.0902,0.46
641,6bc9fbb8-a7e1-4d53-bf1e-2414b0635a23,OK,cotton,234031.58,0.0717,0.54
642,57417533-5987-4573-8f6f-aaf959cddf99,TX,cotton,1240873.06,0.0651,0.73
643,b88740da-7d16-40dd-8817-ec1429c02556,IA,cotton,1151867.51,0.0403,0.5
644,884a5292-52de-40ee-bf15-09aecf61e01f,TX,corn,814180.17,0.0792,0.8
645,a4254035-2c64-4d4a-ae88-f084ff922da0,OK,cotton,1610879.33,0.0328,0.48
646,880691dd-eb1e-45be-b77b-7efdbd9273ad,TX,wheat,858655.88,0.0406,0.42
647,0add02cf-12cd-41c5-bc5e-ea173240c54a,NE,cotton,875055.28,0.0783,0.78
648,0166daa2-8872-42e7-8bd8-d3df0a01f6b0,NE,wheat,87435.16,0.0599,0.45
649,ce20daff-c6c7-44f6-9bb1-488dfcd1309d,KS,wheat,1709621.95,0.0619,0.47
650,a8c2d80f-24c1-4a29-944b-17119de410b6,NE,corn,266249.76,0.0996,0.78
651,061561cc-6d72-4886-a35b-13531e8b6c3d,TX,cotton,1610716.63,0.0708,0.48
652,283afc60-df0d-4a05-a3fb-f302104a1d30,TX,corn,906466.76,0.0881,0.74
653,b76f9198-f355-40bf-95b2-a9317aedc03d,KS,corn,686174.82,0.0729,0.79
654,06769d0e-ae5c-4078-83fe-f7ebe221b763,NE,corn,260381.76,0.0627,0.68
655,e17469b6-451c-47d2-becc-9aead65d81d8,KS,corn,1189192.75,0.0647,0.41
656,b826dd9c-2efd-473e-b8d9-2a8945455ed7,TX,wheat,201840.1,0.0996,0.42
657,0ff9ba80-2cb8-4477-91c2-6053a4658f55,IA,cotton,61179.12,0.0802,0.58
658,317a908e-c36e-4205-983b-51d47c1b5d98,KS,corn,1979679.72,0.0948,0.88
659,d5e76b4a-ea00-451c-b332-6e780420294b,KS,corn,1538648.19,0.0704,0.78
660,94c7cef9-4f6b-402f-b77f-4da078ac4817,IA,wheat,1296932.51,0.0488,0.87
661,fb7b9e10-c35c-4fc7-a96d-6ad5f4aefbf9,TX,corn,824916.03,0.0974,0.53
662,afdf187a-4284-468b-b7f4-26b21963342a,IA,cotton,1324748.27,0.0564,0.66
663,d64d1197-886a-4bed-92af-0d99e1e515d2,OK,wheat,1672087.03,0.0642,0.88
664,1fc658be-9816-439d-86fd-8ddf2e23704c,IA,wheat,1910858.2,0.0761,0.5
665,c68da7e4-9eb0-4399-9eef-36ae710f65f2,TX,cotton,1481276.14,0.066,0.57
666,118bcf81-276d-488f-a4f9-3951da67739b,TX,cotton,144481.66,0.0952,0.5
667,1887f393-13ea-4a3a-9dfa-805e0d6c7def,OK,cotton,1675391.95,0.0918,0.68
668,4544be1c-475e-47d1-9684-157527a28763,KS,wheat,186509.64,0.0526,0.48
669,eb9a56b1-7d52-4b00-8c3c-1673a2fd2313,IA,cotton,1665077.87,0.0759,0.62
670,e8f64a88-d61a-48e9-9741-010e72e09317,IA,corn,1358502.93,0.0343,0.44
671,550baaae-e1c3-4c01-b1cf-19c2ec620c22,NE,corn,1145670.42,0.0979,0.84
672,a45a40e9-35f2-4288-9c0d-d7d0dcc15eff,TX,wheat,1560502.96,0.0382,0.64
673,7c8791e7-afd5-411b-a8e2-886f00afda8e,NE,wheat,204858.63,0.0767,0.42
674,c40d0ccc-90a1-4fdb-9c9f-ab74a2a17707,IA,cotton,878231.31,0.0368,0.74
675,5a2c2770-bcf8-432f-9917-d2b130484671,OK,corn,917565.2,0.0672,0.77
676,0d2b9e63-9df8-4f60-bd87-4a430a9a6fe9,KS,cotton,457737.29,0.0348,0.74
677,250f11c5-f7f5-4377-aa29-23f7f6b6a009,IA,wheat,1334759.94,0.041,0.85
678,06c9c76c-f2a1-42a0-8353-ae95440e4a8b,NE,corn,826484.3,0.0757,0.48
679,3a43ef51-51c3-4d78-b98f-ed40417bf9bd,TX,corn,1707711.32,0.0758,0.79
680,6c19bf59-f118-47cc-b010-813f2b62a2d3,KS,wheat,909547.09,0.0912,0.84
681,762cb42d-56e4-4e5d-ad79-eaba3d191bf4,KS,cotton,644906.97,0.0727,0.4
682,ffd8c5de-ce12-473c-a3be-97905b3b0515,TX,cotton,441131.59,0.0929,0.45
683,a5608bf0-7690-403c-905e-757cac006101,NE,corn,372756.75,0.0396,0.79
684,8f309ca6-f7d3-43d5-b306-b9af53bb4fea,IA,cotton,1293351.37,0.0841,0.71
685,937522a8-e864-46e6-b893-ec01a918f45a,IA,cotton,405703.92,0.0332,0.64
686,68443dac-dbc6-408e-8e0e-8377355ac1b5,KS,wheat,1930597.3,0.031,0.69
687,5e9614e8-447d-496b-9835-5982552795c7,TX,corn,1542432.67,0.0635,0.73
688,e4a84be0-be52-4f02-8801-7575204e247f,NE,wheat,730192.36,0.0643,0.75
689,79f6b23c-a3cd-428a-9ae8-1d27d8763c10,IA,cotton,1656615.64,0.0499,0.7
690,9fe899b8-14ac-440a-907c-c34b60ce235f,KS,wheat,643797.93,0.0959,0.42
691,2b8d6c06-adbd-4b52-8719-69b3ccb8c060,NE,cotton,1528999.25,0.0938,0.9
692,5edb470d-e71d-43a2-a65e-86e31a43dff4,TX,wheat,410247.38,0.0731,0.77
693,0032fa37-2cc0-45fa-8e98-ec77fa863a9c,TX,cotton,1186824.51,0.0609,0.53
694,893d417a-17e6-41c6-8cd5-cdf64bab1c2e,KS,cotton,1637747.91,0.0348,0.6
695,cab68b33-9d51-4e76-85a6-f87ebf694c69,KS,cotton,421854.47,0.0415,0.48
696,21bdf1c8-c18f-44c7-b4dc-871858391b95,IA,wheat,825841.69,0.0972,0.58
697,4f6a4496-9176-4381-97de-bdeb6140dc7b,NE,cotton,1861885.91,0.0973,0.64
698,29f310eb-a931-4ece-a254-08a8c0983c63,IA,wheat,413224.84,0.0908,0.48
699,bb444290-f23e-4dac-94d9-b7fe43abc2b0,IA,cotton,1602308.45,0.0554,0.53
700,7bf0c950-d88e-4e9e-9da0-7916d145163e,KS,wheat,1033626.48,0.0437,0.88
701,65401f3f-5ab6-46c1-8cc7-df43be5a84ec,NE,corn,1492071.5,0.0911,0.44
702,d9b8f247-7ded-4280-8aee-ba9f16e2326c,TX,cotton,1102580.56,0.0952,0.41
703,002fa272-4d75-4059-803a-4e925c104a70,TX,cotton,1680825.88,0.0423,0.45
704,15b577d5-d817-4192-9e2b-0ecfdfbbe4ad,NE,corn,1225104.47,0.0818,0.42
705,0c52a00a-b6d9-4c90-ba5d-43fe5c5107bb,IA,corn,131365.63,0.0602,0.49
706,b20dc05e-7ac3-4edc-8286-8091170d66c5,TX,cotton,991388.3,0.0703,0.48
707,66d94d19-0c67-4609-b60c-3ed230a4208b,OK,corn,1243934.04,0.0942,0.83
708,8c3c7edb-9a81-4754-9211-6f83eabf5ad5,KS,cotton,244228.12,0.0385,0.54
709,c2f3c6a3-5a4b-4719-9643-a4e32ca412b6,NE,corn,1926208.93,0.0793,0.45
710,5fb19a8d-f4e2-44c4-9f1d-f2b8684ad658,IA,wheat,1643865.35,0.0378,0.59
711,48ac4faf-7ea6-43de-8447-a77fb2a0c5d3,TX,wheat,1215980.33,0.0395,0.56
712,8751ea62-b42c-4f7c-a759-bcada280d2fd,OK,corn,1395256.24,0.0468,0.45
713,fda41c2b-e918-4a9d-868b-0f72bbab2d03,TX,cotton,1115164.17,0.0801,0.51
714,eb23cf71-0c68-400e-a226-1b98579c59fc,IA,cotton,1504014.51,0.0902,0.46
715,6eaccd5a-657b-4fee-b0b6-58fb545dabc9,KS,wheat,469295.98,0.0896,0.75
716,08ab7ffd-2339-4d05-964e-03486782eaa1,IA,wheat,928874.55,0.0564,0.7
717,a902270b-7a0c-4256-b5b0-788142c70f42,TX,corn,1154258.48,0.0742,0.49
718,111bf0e7-93bb-45eb-b8ea-9b25eb205d64,TX,corn,966615.96,0.0355,0.42
719,3ba911ea-b72f-4dca-bc89-ea01540c4b4e,NE,corn,95221.47,0.0324,0.68
720,ccf57df5-f562-4ebb-ac55-b5d518ea3484,NE,wheat,1573783.76,0.0647,0.69
721,ae8033a5-8a29-4432-aede-66bb10c887f7,OK,cotton,1545766.83,0.0521,0.6
722,2c4f1110-3c96-4787-996d-9123e53a8cd4,NE,wheat,637641.88,0.0991,0.52
723,b8c82f3d-485e-45f1-b60a-a89a612d553b,OK,cotton,1593318.59,0.0536,0.69
724,fb75652a-92af-4fff-b397-ec25ce372fb8,KS,wheat,1957857.62,0.0659,0.58
725,990e8d1a-3cbb-4726-8f91-47dac0bda46a,OK,corn,1534510.64,0.0896,0.62
726,0f30cff3-bf57-489b-b49a-22b7e4619b36,OK,corn,1129089.23,0.0891,0.66
727,90c1e974-8e6e-4c1a-8447-09dc044512db,TX,corn,1474950.64,0.0728,0.57
728,4bb23902-a450-42e5-9685-26fc29159231,NE,wheat,178228.21,0.0367,0.41
729,a18ce8d1-e11a-4e0c-aade-ce25b8f2e985,OK,corn,992535.75,0.0919,0.62
730,369d834e-6db8-4ae7-a117-d6cbc47e8995,OK,wheat,835059.97,0.098,0.61
731,4e67eb30-692d-4918-85d8-f4e9c71e9957,NE,corn,335482.99,0.0325,0.68
732,e58653f0-bff6-4fa9-8256-5072bb5f5011,NE,wheat,391910.16,0.091,0.82
733,5d22f45f-bc63-4f67-a861-31ef9784b18d,OK,cotton,1340142.22,0.0961,0.62
734,df455423-37e3-4fab-80ac-94f1caa7611e,KS,cotton,1321734.08,0.0833,0.66
735,994b2dbf-1739-4182-be61-782a906fe2a4,IA,cotton,1419044.4,0.0825,0.44
736,dd0c8d91-8afa-4400-861f-00cff1cd2caf,NE,corn,1560750.75,0.0313,0.43
737,9b6dfb43-4779-4b4f-8957-f3ad71b758f1,KS,cotton,1492418.01,0.0476,0.44
738,82c47f29-78d8-40c0-86ed-7f700d77470d,OK,corn,96912.93,0.0307,0.46
739,c8e05f97-c39f-4108-bb39-fcffdf092559,NE,corn,232417.39,0.0746,0.57
740,bef48e03-a7a9-48a5-9133-f71cc6eb5cd4,TX,wheat,1401369.46,0.0552,0.72
741,60986e62-8e8b-4170-b94a-ee02121af5c0,OK,wheat,1870585.33,0.0492,0.74
742,16546474-e4a7-4cf4-8751-5721f9250793,OK,corn,1468938.64,0.0341,0.69
743,6af38793-250c-4969-b2af-25f9b53716d8,KS,wheat,1167760.39,0.0969,0.68
744,38adfe79-949e-4536-bb05-585716335a44,TX,cotton,1511429.63,0.0921,0.67
745,54cea9ed-56dd-42c9-b891-f683c3f7a087,OK,cotton,1595172.26,0.0889,0.46
746,ea55fdd8-6160-458f-9f28-e796ff9bbb7f,IA,cotton,1114475.05,0.0708,0.6
747,f2467442-9bfe-43d1-a647-e64fb412b37a,NE,corn,663023.1,0.0617,0.56
748,5cb2cbdd-8639-44a1-8542-bb21edd85395,KS,corn,1030383.49,0.0335,0.77
749,23824b87-2279-4598-ba18-21bbe2bbbf3f,NE,corn,1602564.29,0.0813,0.82
750,4b717d8a-c3c6-4b2e-89b6-4dbe9929b956,IA,wheat,1822602.59,0.0546,0.82
751,ffae2853-d136-4b25-86f3-f0c39ab5d6eb,OK,cotton,937288.43,0.0788,0.49
752,46e919ec-615a-46ae-9223-df44a1a7ac3a,IA,cotton,1511833.47,0.0669,0.53
753,b7c70771-b0e3-4642-9d31-118159e888cf,OK,corn,1530941.53,0.0515,0.86
754,2bb97fc2-e1b8-4559-bfe0-37484c3a458a,IA,wheat,299603.11,0.0598,0.67
755,50d9b64b-7e26-4032-8179-10d6612c499d,IA,cotton,206606.97,0.0389,0.72
756,1dbc7e54-b41e-41e2-bf9a-2be4c3d4e431,NE,cotton,1293542.14,0.0467,0.77
757,c2e2ac55-6e0c-4506-a6a4-bbc49e7d08a3,TX,corn,579391.68,0.0794,0.56
758,a6efb945-3e7f-4c2c-932d-252e380ec801,KS,wheat,1429047.96,0.0468,0.69
759,f0284d52-7404-4232-9f7f-682631e1997f,NE,corn,451308.07,0.0537,0.58
760,9367b143-8f07-488a-9154-e474c0f2b00c,KS,wheat,1366796.35,0.0702,0.53
761,a6d0dfb3-c61e-4524-8ee0-55d203ce1e1e,KS,corn,1313258.01,0.0713,0.82
762,6d502176-3e44-4ea4-a909-ec1e87bc5d3c,IA,cotton,1310120.05,0.066,0.47
763,ece7bf4c-1da5-4e18-aae0-6a84af991e11,NE,cotton,1945809.28,0.0905,0.4
764,5982255e-0be8-48c2-959d-fcf431b41a81,KS,cotton,1932429.18,0.0418,0.81
765,1f1ba60f-eb6d-44e9-8690-36fdd41596f6,TX,wheat,75403.57,0.0919,0.69
766,fd2a9cf3-29ea-4de2-b884-73583c0ebec9,TX,wheat,979573.0,0.0671,0.66
767,af3bb171-bc44-486b-b94e-15fa41ea698e,KS,corn,1736685.2,0.0355,0.74
768,fb7c2249-66e9-40e8-80b1-407fd5297e93,IA,cotton,1200191.31,0.0846,0.6
769,6c10e60c-d5ed-4005-a037-2acfc9a080db,TX,cotton,99959.03,0.0506,0.49
770,3d531ec6-3749-424e-934d-2dd253b2f84a,OK,corn,546810.82,0.0599,0.79
771,21c1b179-aa81-4c12-8413-dc5d943e5e61,TX,wheat,1061631.04,0.0492,0.41
772,1a725190-a898-40c5-b8c5-032c30c6902c,OK,corn,433240.41,0.0839,0.85
773,39d54b5c-c1af-44f1-8154-c4a56a2b803d,IA,corn,1318757.57,0.0466,0.71
774,de2a999b-135d-4868-97d5-b90531711de2,KS,cotton,1965423.27,0.0808,0.54
775,edf1c67b-7438-4744-846c-10135faf7bd5,NE,wheat,1714079.74,0.0517,0.46
776,dff9387a-f016-4ad3-b05d-6dc7c7e8384d,TX,cotton,472687.52,0.0919,0.81
777,df747aec-383b-410b-95d6-1e0da423a5bf,NE,cotton,876294.74,0.0351,0.42
778,a33a0992-8027-4e2f-a61c-d802300d01fd,OK,wheat,1969456.72,0.0983,0.8
779,daa01cf6-8554-45fe-a52a-5afce4524877,TX,corn,818550.72,0.0608,0.46
780,73221ff8-f443-4e6e-b5dd-9804f70d4518,KS,corn,537309.97,0.0836,0.42
781,4c3df7c8-afa4-491e-934c-87fdec04f8b2,OK,cotton,1474995.55,0.0942,0.9
782,353f342d-d99a-4651-a1d5-5cc9f1289394,KS,wheat,1764714.82,0.06,0.66
783,14e62ce3-a29a-440f-bb85-9be78d22c51a,OK,wheat,130781.51,0.0405,0.85
784,81c42185-e558-49d4-8996-3bf7859d332f,KS,wheat,1543409.9,0.058,0.63
785,1ec010c1-c692-4413-8e41-e853d337410c,KS,wheat,137438.28,0.095,0.9
786,a9657398-d61f-4365-84ef-83effef186e0,KS,corn,1333455.55,0.0588,0.44
787,451055c0-ff63-4ad3-9039-a3993be653f5,NE,cotton,1513908.44,0.0949,0.72
788,7e2f2eb3-bcd8-496a-b62e-6505f6c0e7ce,TX,wheat,1058935.58,0.0913,0.5
789,f3b883b0-94a8-4575-8931-3bbeb06a8f29,TX,cotton,505767.11,0.0444,0.8
790,397f013a-6924-42dd-80dd-319f919165a3,NE,wheat,1479029.54,0.0718,0.46
791,59ed5e46-b420-4e57-88b9-53c33b2951fd,IA,cotton,1242482.69,0.0983,0.69
792,94a8d36b-1d73-40a1-9eff-608b3fbc44e1,TX,wheat,1900034.32,0.0548,0.76
793,16d3fd0a-5b85-43d1-bbfa-3b29dd55b93f,KS,cotton,1899062.52,0.0438,0.55
794,bbfa3653-73bf-4af1-81f1-2435badcd0a6,KS,corn,709446.4,0.0573,0.42
795,dd62470b-644b-4975-8d17-8dbf62d21169,KS,corn,1349853.56,0.0473,0.66
796,9116def6-f8c4-48d7-8a35-078205765d9c,TX,wheat,1001188.63,0.0763,0.8
797,bd299730-d2f7-406f-85a6-4ffa66cd5683,OK,cotton,703201.41,0.0451,0.88
798,d6865268-63d7-4349-9994-71be0a1f7ec6,IA,cotton,1595834.26,0.0925,0.46
799,1249526d-f576-4248-b3a2-32f959f483c0,IA,corn,1563667.42,0.0919,0.5
800,a7736e36-b276-49f2-8ae7-ccff51e26396,NE,wheat,1710447.6,0.048,0.73
801,691b6151-6937-46c8-9dd0-508c69a59da5,KS,cotton,737877.3,0.0835,0.77
802,a26a6927-9ec7-42c8-8ec4-873389ec2b8d,NE,cotton,1427422.27,0.0725,0.48
803,af2e43ad-cba0-4cd0-bbe4-b15c5c20209d,KS,wheat,862521.19,0.0527,0.47
804,7592ba13-692b-4324-bea4-eb73488bcd28,KS,cotton,631042.58,0.05,0.68
805,30b714d2-4ecd-4639-9cab-41669b9833e7,TX,wheat,1611775.94,0.0498,0.41
806,80049a5b-380e-49bb-8905-428ba8e5acc5,KS,corn,1310299.69,0.0638,0.75
807,6552ad03-26e4-43c2-82bb-0e1c13b0afbd,IA,cotton,273321.81,0.0776,0.51
808,f205a358-7842-4b1f-84c3-093bf316a00d,TX,cotton,1494648.16,0.0607,0.89
809,ec25efc0-373b-4e30-83ba-d0a3b4459db3,KS,corn,572870.15,0.0967,0.8
810,f76d80b8-743a-4d07-84ae-af66cdecde75,OK,cotton,1986124.64,0.0402,0.73
811,cd7a7182-9dec-472b-862b-aab7bcba1172,NE,corn,1316925.04,0.049,0.89
812,7f58dc7d-215f-46a0-b142-bdeb42ef62e5,KS,cotton,965764.71,0.0353,0.63
813,5b0a6878-2e2f-438f-9e4c-e89af9b330bf,NE,wheat,1169479.22,0.0487,0.52
814,3b44ec32-6b56-4919-955e-673d99c29639,KS,wheat,1546903.09,0.0645,0.44
815,5daaa473-744d-4b7d-b968-9f27968ee555,IA,corn,176247.41,0.0504,0.5
816,09fe00ef-b15e-4da2-8da3-eda8a805c007,KS,corn,992612.33,0.0435,0.52
817,632c56d6-2d03-4f3d-8cbf-d3ec5f8b5604,NE,cotton,74172.98,0.0583,0.82
818,5c2cb5cd-e309-430a-ad3c-d479b0dec373,IA,wheat,643734.87,0.0622,0.62
819,1f2bfedf-23e8-4493-939e-44e95e07c48d,KS,corn,1132806.44,0.0322,0.71
820,1f1234f9-3650-42cf-83bd-121b71b4a261,TX,corn,1394529.78,0.0802,0.42
821,e269ac21-4d22-4fdc-a62a-29a14f773f84,NE,wheat,1106930.15,0.0797,0.82
822,dc0841db-4093-4995-b169-2a8b87bdb741,IA,cotton,73430.53,0.089,0.85
823,3866e521-243a-49a7-953a-c0ffbc4e8cb3,IA,wheat,180574.48,0.0561,0.6
824,1bfb74b8-463d-489f-a0ad-909b3baec561,IA,corn,1302506.0,0.0615,0.5
825,5693a900-9b76-49a0-b85a-2527a2a20f45,KS,cotton,821823.32,0.0912,0.63
826,e4d857c4-f941-430b-9213-2e8d06eaac97,IA,corn,1600460.12,0.0764,0.52
827,0a259cc0-e545-4e35-993c-ffabdc991df6,KS,cotton,604242.04,0.0691,0.75
828,cc9d9e61-011b-4070-b560-3c5963412120,KS,wheat,813084.82,0.0622,0.71
829,619fb18e-b8ea-4fd5-8e96-80f8d04975e4,OK,wheat,1352160.15,0.0949,0.52
830,9a80ffa6-d42f-4a4c-9c16-67ef0fe535e0,NE,corn,1841281.06,0.0346,0.64
831,68293153-0358-4afa-beb0-9412ae44a552,OK,corn,1030723.26,0.0325,0.66
832,88200c6d-cdd6-48a6-aeab-906f6577f244,KS,wheat,1154174.01,0.052,0.52
833,2786c892-9d8d-4524-b429-0950475e89f9,NE,corn,1973398.71,0.0347,0.71
834,a56a8895-4555-4a8b-a3ce-35bb99522705,NE,corn,443587.31,0.0443,0.54
835,178ed50c-741c-49b2-8474-0bbf1fac8276,KS,corn,1447805.3,0.0701,0.67
836,c3623b93-174e-4d2b-8daa-5a8437544c3e,IA,corn,1848103.41,0.0321,0.72
837,fe752103-7067-427a-91a5-26ac316028d9,NE,corn,1520405.88,0.0883,0.62
838,b2228616-f9e3-4fab-b39e-75058d64ba08,TX,cotton,632265.43,0.0594,0.74
839,ebfbe567-2c9f-4b11-8ef4-d946693a3687,IA,wheat,771178.13,0.0826,0.41
840,39b9a361-8983-49c6-b87e-e8af24ef870a,IA,wheat,1108250.84,0.0806,0.72
841,90402f60-5163-4bd6-801d-0b3a39e10af1,TX,wheat,264019.07,0.099,0.64
842,7a24935b-bc50-43b2-a39c-d3af8a445961,KS,cotton,485396.57,0.0665,0.52
843,fa426caa-d420-4966-ae0e-645bb3199d5c,KS,cotton,392570.66,0.033,0.64
844,35ff260e-ccb3-4b04-bc8f-67e314ab810e,IA,cotton,185073.63,0.0385,0.43
845,b38ecb66-acf9-492f-8897-684cd57d355f,OK,corn,1735951.12,0.0762,0.66
846,46b4784d-e92e-4ab4-8d51-be92b0a5fe38,KS,wheat,1961228.84,0.0556,0.59
847,dfb3dd69-e980-4f37-8958-9ad5f65ebd45,TX,corn,1949907.29,0.0438,0.54
848,fcf58e24-99eb-4f93-9385-bbcca531521b,KS,cotton,1267823.45,0.0401,0.64
849,a73b11c6-4e57-4409-bbde-53a6683aa3db,OK,corn,1922171.19,0.0653,0.48
850,e18bee23-53d7-45d8-92bb-a64161caea04,NE,corn,102064.44,0.0316,0.53
851,003f1e96-677e-483d-9e6d-8d9491c52173,OK,corn,692279.13,0.0451,0.5
852,f2b62ab9-9d70-4755-b792-439896952ac1,TX,cotton,1397387.87,0.063,0.43
853,4d926b36-25ad-4c37-90e2-ec30b8756a1c,OK,corn,1154538.81,0.0942,0.76
854,34368ce1-a837-4afc-b698-a6fc489171e9,KS,wheat,1071170.1,0.0375,0.48
855,a307158b-35b9-498e-93bf-fa4b30e08a87,TX,corn,1229823.86,0.0885,0.78
856,382170db-dab0-4285-a031-bb4e37baec09,KS,cotton,391080.04,0.0492,0.71
857,0269e9bc-8e8a-4ebf-9dac-9b32a87a2ee1,TX,corn,200872.95,0.0802,0.87
858,626cb79e-2e70-4f96-beaf-3113ce04216b,TX,cotton,290918.85,0.031,0.43
859,b58a56df-9e5e-4e1f-b5cb-35c0207ea6d3,NE,cotton,603777.37,0.0815,0.55
860,195d8d83-554f-4d20-8e76-23aedf626d9f,OK,cotton,1825271.95,0.0727,0.5
861,af4fced1-f6c1-4b81-a089-3d167417c262,OK,wheat,1593176.26,0.0776,0.41
862,6ac5a29c-5639-4b16-82aa-b95fdc440d45,TX,cotton,1766618.86,0.0645,0.5
863,743b1ae2-9a8e-4a27-a736-1db40b80ea8b,NE,wheat,1337017.2,0.0456,0.79
864,aebc2b21-0d63-4ce5-a12e-7a8350f8d6cf,NE,wheat,1048052.77,0.0859,0.59
865,ca92f4a3-9e99-46b0-9028-24491d16ab37,IA,corn,1716994.48,0.0382,0.52
866,64dafc45-e8c7-4008-9542-e21964ce9348,KS,cotton,1201031.88,0.0313,0.85
867,fdd54947-f710-4f65-958e-2691eafbab0d,KS,cotton,1282106.23,0.0879,0.6
868,629ab34c-0502-4e8e-a020-29eac6f304fc,NE,corn,1017635.86,0.0394,0.51
869,833b2cd0-64ca-4bb8-9287-e6fbc9b128bf,IA,cotton,1614333.83,0.0787,0.45
870,0a2c8d64-8107-4867-a8a9-3bed9854619d,TX,cotton,1731245.15,0.0419,0.76
871,29701603-050e-4498-816f-f4cf907fb4d7,OK,cotton,494669.76,0.0393,0.67
872,278030df-409f-4d5c-8489-6d69c0345394,NE,wheat,209384.2,0.0764,0.43
873,7fadd192-75ad-499e-b2d0-bb223a4a83e4,IA,corn,400424.18,0.0948,0.61
874,c7d3c0d6-6539-4543-aae8-324c4d3fc4c3,OK,corn,417194.58,0.099,0.59
875,1f8fe030-da65-4e96-99a9-f8abf58f9d4d,OK,wheat,1329546.62,0.0776,0.68
876,694e61b4-1aec-4d83-973e-cdde533176eb,IA,wheat,1352200.11,0.0862,0.67
877,bca9e877-4f49-4dad-90cf-197d91497920,KS,wheat,1257567.58,0.0342,0.58
878,f3a285b7-9a0b-4ab1-8f93-0ba1282f78d5,IA,wheat,1139147.41,0.0325,0.53
879,ddc2378a-3735-4a53-9f55-ac17cbc802af,KS,corn,1533264.34,0.0885,0.72
880,ec56deb4-3bab-45e9-af45-8e9b99e6eee1,IA,wheat,1638461.29,0.067,0.62
881,b16c0668-b6c2-4e1a-bc6d-1746fe3008a3,TX,wheat,1924968.57,0.0954,0.7
882,6eb84fe6-c56c-4620-82ab-58b9e52e94bb,IA,cotton,498986.87,0.0816,0.87
883,b8a3008b-c58b-4832-92f4-1666f39bbbc9,IA,wheat,1560678.15,0.0688,0.71
884,b033ef29-9907-447f-8273-ae4082f4e8fe,OK,corn,902788.19,0.0923,0.72
885,853bc934-2588-4db4-a26e-bb085fcb583a,IA,wheat,546050.99,0.0854,0.67
886,30fc4a6e-9d4c-44c7-ad06-fa2a99d67bef,KS,corn,1150661.68,0.0636,0.69
887,1d97d20c-a421-441a-b152-2b33fd38ade2,TX,corn,1154971.8,0.0321,0.76
888,e69c8188-2ec3-44a8-a9a1-10273efd68fb,KS,wheat,142803.95,0.0333,0.46
889,81f05c49-62cb-47d5-8a1a-94aa7ff47c03,TX,cotton,1820373.18,0.0651,0.85
890,bd2f15cc-fd48-4358-9e88-680c76b4aa53,NE,wheat,917196.67,0.0664,0.58
891,ed7f03ac-8164-4d20-91f0-4c84a49aeb37,NE,wheat,1277979.65,0.0456,0.41
892,77b50e01-2f5e-42d1-bab4-24c703fbd2f8,TX,cotton,1004563.77,0.0557,0.55
893,c2d87756-0345-441f-b9d4-b7851585f073,OK,corn,1515906.06,0.0779,0.63
894,718408bd-30a6-4c32-b7e3-e42965a18c08,NE,cotton,1318125.05,0.0971,0.41
895,2e94c85b-ec21-4e81-ace5-03ddeab17b5f,TX,corn,283443.32,0.0576,0.84
896,9d1b8054-d8dc-44f1-ac85-57397ad159e7,KS,corn,163257.85,0.056,0.7
897,7005f0e5-19ec-4156-aa85-d9a7b8f041ed,NE,cotton,1636609.47,0.0324,0.51
898,16e7738a-d2c5-4238-9995-4e45c51f7109,NE,cotton,570052.45,0.0461,0.48
899,12a26ad6-8539-4e82-b2ae-d8986892f40c,TX,corn,524594.5,0.0451,0.87
900,d12bb19a-b160-42cb-ad6c-2634267635c7,NE,cotton,1346562.22,0.0318,0.46
901,3b34c8c1-26d8-4c61-b73f-de915f0b5fd8,IA,corn,1141634.91,0.0313,0.75
902,dadc6350-6e85-4ec2-a316-89ffda3e19c8,OK,corn,192470.05,0.0629,0.51
903,d5c89911-6561-4011-a087-6e80df2add2a,OK,cotton,914595.83,0.0996,0.85
904,20e0f4e7-40eb-4dce-a562-c2116ad82604,OK,wheat,1030666.16,0.044,0.84
905,fc16d917-ad62-477b-b3bc-b2050296ed56,TX,wheat,224207.25,0.0542,0.57
906,3be1152d-25d4-4356-825b-cf25c564c268,OK,wheat,70472.22,0.0429,0.69
907,34752bbf-947f-41cb-b061-2fc8fa2f191b,IA,corn,1247503.22,0.0941,0.76
908,bb6e63a5-3e04-40b3-b3ea-c32ddfff2916,NE,corn,318205.93,0.056,0.6
909,a05eb31d-5b70-40c1-89f7-fbc90423dd52,OK,wheat,1481626.03,0.0433,0.59
910,69fdf190-e757-4211-ac16-4d0210bb1137,KS,wheat,535284.51,0.0315,0.69
911,ca0bef5f-cf6f-4e49-8a4d-a43699140d5b,NE,cotton,559358.87,0.0841,0.48
912,83831b99-d097-4932-87aa-27716cb2cf09,IA,cotton,1736001.96,0.0751,0.47
913,e3855f9f-11db-4d93-9312-8ba689cd340e,KS,wheat,319229.35,0.0372,0.42
914,a08d918a-99c3-4aa9-8cee-26760b1b5f2d,IA,cotton,1393331.15,0.0378,0.51
915,2e3c3c12-2964-49f0-bc04-f05260a6f52d,OK,corn,988096.73,0.0704,0.41
916,d1267838-18e5-43c9-b427-f1e498417ef2,OK,corn,670375.2,0.0984,0.87
917,cf28134d-8454-4002-ad80-51829cc9f9fd,KS,corn,1154015.94,0.0988,0.72
918,3fe5f296-c0a5-40ba-9ef6-2456e930d956,OK,wheat,893294.04,0.0678,0.59
919,f5f43229-8103-4717-aacd-b4d3e05869b4,IA,cotton,787733.97,0.0667,0.88
920,0bb64d25-7737-4e3e-974c-a84b133955f7,OK,corn,517023.32,0.0563,0.86
921,0d5e5209-d6b1-4586-b283-58847dede716,NE,wheat,1431907.78,0.0508,0.62
922,8b0b3c0a-0f83-487b-a7d8-1f2c3f6c5d64,NE,cotton,246751.71,0.0769,0.69
923,56cea0e5-5917-46e0-ae2e-f3c662478a4c,IA,wheat,166361.55,0.0761,0.85
924,bc6f4fc2-fc8b-4792-a112-5accf90d5c11,NE,wheat,1956334.22,0.0335,0.84
925,ebab7fea-103f-4428-a52e-24f3b154511f,IA,wheat,209765.63,0.0846,0.5
926,1f0ff135-796e-4e0c-b3de-81fa1ba4d53a,TX,wheat,1125853.1,0.0433,0.67
927,e73c1700-da69-40f8-a89c-d0917006bf2a,TX,corn,1697697.62,0.0364,0.47
928,9a7950d5-fd47-4cc1-ac87-0e02fe8df5b0,KS,cotton,1314539.08,0.0939,0.66
929,c18f584a-dd6a-44b1-9833-f0f3bf2f15f8,IA,corn,916536.98,0.0336,0.58
930,87a898b0-9906-4b70-ab74-e5b76bbba249,TX,wheat,1653425.56,0.0412,0.65
931,f514d470-20df-431f-b7c0-2111a6499ca9,KS,cotton,1122441.44,0.0986,0.72
932,2e78776b-29df-4e2f-8b0c-796e12ab3683,TX,cotton,1321916.13,0.0897,0.67
933,f6389b83-9c65-436f-af6a-7e20aa5ba33b,KS,wheat,54540.21,0.0358,0.62
934,bece1d1c-48b1-40df-bf26-1a6cc4d83dfa,NE,cotton,1058410.32,0.0324,0.4
935,8da76ed0-2622-4531-a45e-1af84b74bb8a,IA,corn,1342518.69,0.0532,0.63
936,ceb8d62f-80d7-4d57-967e-5b7752c7210a,TX,cotton,1492527.17,0.0695,0.44
937,f6fb28fe-8911-4446-b33c-4377e41d7113,NE,cotton,1692246.16,0.0524,0.8
938,b54be70b-b7a6-46a2-aa65-e1a110aa9329,IA,wheat,767109.95,0.0883,0.76
939,fd5d215c-3daa-4e06-b034-482bda00ed90,KS,cotton,1942840.6,0.0627,0.7
940,0cdf21d4-117c-4706-b15f-d5c6e2c15222,OK,cotton,608897.48,0.0756,0.61
941,509cd241-c147-448c-8483-d4051a09257f,KS,cotton,201695.38,0.0817,0.85
942,e7b60bf1-efb3-4f36-a5c8-031c2d844c98,OK,corn,1544246.63,0.0924,0.49
943,cc27d11a-ecc2-4b6a-9b25-4718d1577335,KS,corn,1372894.55,0.0443,0.79
944,9c3c7d12-0a04-4374-87c7-d7848ba61849,TX,cotton,811883.32,0.0649,0.74
945,9f4db50e-83b8-47a7-8345-1f6f5e4ffda5,KS,cotton,1875050.94,0.0653,0.72
946,da6f433e-9b43-415e-8e46-a5bc8e446d69,IA,wheat,1941399.89,0.0733,0.4
947,36807eff-e849-4c82-a08a-bd0e1be5b0e1,IA,wheat,1952169.1,0.0434,0.69
948,f233313f-cd9c-45bd-84d7-37bb658d4248,NE,cotton,908036.54,0.0864,0.42
949,b85a5505-588c-4159-adb0-34f2d13b9c46,TX,wheat,1201413.68,0.0876,0.71
950,fe6ffb55-1d8e-4595-b257-ced424343299,IA,cotton,1681232.39,0.048,0.55
951,b6b0527f-9ff9-4fcb-8e42-1a78e0be1a03,OK,wheat,924955.71,0.0313,0.57
952,2fa1a723-125e-43b9-8b0a-bdb8553933a4,NE,corn,1681191.07,0.0507,0.74
953,297debee-7976-4cbb-a863-2637343f9fd7,NE,cotton,1506852.29,0.0604,0.65
954,757f8fc6-bbfe-41bf-b72f-b771a4339d27,IA,cotton,1957580.57,0.0789,0.7
955,b182803f-7c21-4acd-a276-219701d2431c,IA,cotton,1631587.59,0.0982,0.88
956,d02a6fff-befb-4ab5-a2f3-fc07b32e2e5b,OK,wheat,1964194.49,0.0321,0.47
957,4b1df6ef-9a61-4b03-b9ff-aaa75ca05dbb,IA,corn,1768439.37,0.0865,0.46
958,880b53cf-2323-4613-853f-6a64db05bf5e,KS,corn,1648850.97,0.0536,0.85
959,71028cec-e30f-45de-b1e4-d74f74e7b291,KS,corn,1619980.2,0.0791,0.45
960,b993ad5f-b56b-4a0b-8da0-6a5fe906c744,OK,cotton,1846460.05,0.0323,0.61
961,1ef91433-d9cb-4e5b-97cd-d2421ea656c6,IA,wheat,1165082.41,0.0336,0.8
962,6f82c939-03ed-4a0d-bb46-9067e3c9dbb4,KS,wheat,677949.49,0.0567,0.79
963,18365ff9-d9b5-4253-9f6f-294c32f850d4,OK,cotton,1465939.62,0.0629,0.65
964,cc8ddd1b-8eee-4bfc-8397-3f76d84d444f,OK,corn,1403872.99,0.0505,0.54
965,0da6e834-0364-4783-aef3-a5b8d10957ba,KS,wheat,1013212.41,0.0995,0.88
966,36f6c7c3-5305-4cf3-807a-b30e841bbed4,KS,cotton,255857.93,0.0736,0.7
967,c02162f0-52ed-4b3a-980a-34a7efbcdd36,OK,wheat,87938.72,0.0574,0.76
968,f112ae81-fa68-4f1b-970f-baeae1b7779c,KS,wheat,1970277.67,0.0525,0.44
969,56946bbc-62e8-401e-a1ac-6d379d31c35a,OK,corn,504099.56,0.0618,0.53
970,7506c818-97e8-4e7c-86c9-60b1aff26862,IA,corn,1191819.67,0.0422,0.54
971,1640c95e-9b73-47f0-9103-2767c767396a,TX,cotton,631685.17,0.0737,0.4
972,e1fa6ca6-af7f-490a-a8f1-6166d95f2664,KS,wheat,1593149.1,0.0482,0.8
973,6215e0e8-75bf-4350-a376-9f1a15a82926,NE,wheat,1341573.9,0.0959,0.67
974,348246bc-8cf0-4611-95da-49855bf6834d,OK,cotton,929855.96,0.0304,0.67
975,2936d0a0-8fd7-4750-a9cc-39dd01e02214,IA,wheat,358303.26,0.0988,0.77
976,1d83217c-ef7f-451c-9eea-e6c980b9ff7d,IA,wheat,941225.88,0.0448,0.72
977,52fddb4c-c559-4d4a-8011-58bdd5166d41,NE,corn,1942434.44,0.0694,0.56
978,88db4959-a066-466b-a9f1-d787768c13e6,TX,cotton,1181971.07,0.0435,0.82
979,585a818e-7e8e-48f7-940e-868ccfd92bb4,OK,corn,1190602.31,0.0617,0.8
980,9bfd0e1b-257d-41e3-bc80-da44886e120e,IA,wheat,623425.43,0.0709,0.77
981,34059ad4-8abd-4524-b438-22097c36e114,TX,wheat,848320.53,0.0999,0.88
982,60de6a8c-f436-46bd-ae56-6496ecb593d1,OK,wheat,1918448.81,0.064,0.4
983,580f8099-1527-4cdb-847a-86b2bf43bf2f,NE,wheat,1163669.72,0.0676,0.4
984,68cc0d5b-5986-4ac4-8e11-207d003cb279,OK,cotton,1482104.61,0.0966,0.4
985,a0c1ad4f-e1ab-47dc-ba6c-61759deeebff,OK,corn,787236.09,0.0999,0.72
986,74dbf230-4523-412b-8fbe-3e678c472052,TX,corn,1978231.89,0.0321,0.41
987,81cbd1cc-97aa-4d5c-9099-e501e07bcf2b,TX,cotton,1148989.42,0.0381,0.88
988,e6e74e07-f217-4bc2-baca-fcb389817f6a,NE,wheat,336482.44,0.0719,0.46
989,186efb5e-bac0-4b75-9af7-f74f7a5ccb97,IA,corn,55061.8,0.0983,0.51
990,7b0b1580-39d3-4c17-ad07-b211070f1a9d,NE,wheat,553321.51,0.0309,0.81
991,50391025-7bd8-4dee-b78a-a80be3f1ddc1,KS,cotton,841611.51,0.0761,0.52
992,38c0fcc2-6a53-4701-9ea4-be25e2684602,IA,corn,1620838.95,0.0587,0.81
993,240eacb6-8a6a-489d-96a1-3a72698dfca9,NE,wheat,1948350.69,0.1,0.8
994,c80a766c-7535-48c2-a7bb-768c22191b4f,NE,corn,1736446.93,0.0718,0.48
995,2056ed14-3220-4d5d-b234-aa5dfa41a415,OK,wheat,1588444.13,0.0941,0.43
996,858e1cbc-8ff2-4ab0-90a8-7115998f151d,IA,cotton,715623.13,0.0585,0.65
997,5792a2a8-7df1-4427-a989-32355e4e16dc,NE,wheat,726532.73,0.0591,0.57
998,35cb238f-57d8-41f9-a0a3-1e6fbce83af2,NE,cotton,121663.93,0.0478,0.54
999,5fa39b9a-27dc-4b3f-af4f-adf7f5697cd8,NE,corn,492608.24,0.079,0.47
1000,08876dc8-9ad9-4814-b4a6-bc2ee1c0e5c1,OK,corn,416564.42,0.0447,0.46
